EmployeeID,Name,Email,Department,Team,Role,Password
1,Jacob Harrison,davidkelly@example.org,Operations,Shark Team,User,3!QdW9dgfF
2,Douglas Blankenship,poliver@example.org,Engineering,Epsilon Team,Admin,559CbHyd^g
3,James Meza,dballard@example.net,Operations,Delta Team,Admin,1^p35NHe$4
4,Autumn Nelson,williamashley@example.org,Marketing,Theta Team,Admin,OO+0R@yzk$
5,Leslie Wilcox,jreed@example.com,Engineering,Lion Team,Admin,1m($vsAi(U
6,Manuel Collier,econner@example.net,Operations,Theta Team,Admin,$0OkmqT2q0
7,Laura Yoder,rcooley@example.org,Marketing,Eagle Team,Admin,ZuYqTBaA#4
8,Patricia Lewis,amccarthy@example.org,Legal,Shark Team,User,*RKrSkXZA5
9,David Jefferson,ymitchell@example.com,Customer Support,Zeta Team,Admin,)nqh6D(lC1
10,Taylor Zavala,joanna83@example.net,Engineering,Shark Team,User,9CfnBheW&Z
11,Lisa Mcbride,bushcarlos@example.com,IT,Lion Team,User,$4QW+kQWo#
12,Alexis Jordan,tannerhernandez@example.com,Customer Support,Omega Team,Admin,O!a9o3^zeP
13,Tom Lopez,murphybryan@example.org,Human Resources,Omega Team,User,XzMq(y+p(6
14,Darius Baldwin,sarah31@example.com,Customer Support,Sigma Team,Admin,$0F9X!LzoP
15,Emily Austin,tinajimenez@example.com,Legal,Gamma Team,User,(MO9HR7#t1
16,Heather Morales,nicholasmclaughlin@example.com,Customer Support,Alpha Team,Admin,r!9b+NWrtd
17,Carolyn Hill,sarah00@example.net,Legal,Lion Team,Admin,$2&!Y*@h&Q
18,Daniel Sandoval,jasonnunez@example.net,Operations,Delta Team,User,G)6xhWj@K0
19,Stephanie Moore,hwatkins@example.org,Legal,Zeta Team,Admin,+0dahBszS4
20,Christina Beck,ashley13@example.com,Legal,Alpha Team,Admin,*QdrL4bi)6
21,Sarah Johnson,cynthia13@example.com,Operations,Epsilon Team,User,WTw0ZHTe!6
22,Noah White,courtney82@example.net,Marketing,Epsilon Team,Admin,2&22VoFB*6
23,Danielle Clark,michelle94@example.net,Product Development,Theta Team,User,8rSONZ%t*Y
24,Sarah Perry,castanedajessica@example.net,Operations,Tiger Team,User,&42ggESsQ&
25,Amanda Roberts,smithamanda@example.org,Sales,Gamma Team,Admin,A9kOVoRu!f
26,Gary Shaw,johnny91@example.org,Marketing,Lion Team,User,$o1BJKhxi6
27,Kimberly Fisher,bsimpson@example.org,Operations,Gamma Team,Admin,QV9jWlUi_N
28,Leah Williams,brittanykey@example.net,Engineering,Wolf Team,Admin,(b8H9KmZ9l
29,David Wallace,johnsonmatthew@example.org,Customer Support,Dragon Team,Admin,x@l9LllP^m
30,Timothy Bailey,jacob44@example.org,Customer Support,Tiger Team,User,lO1*UfXK9+
31,Krystal Garza,armstrongaustin@example.org,Product Development,Hawk Team,User,_k#vFPS_7V
32,Robert Brown,wmurray@example.org,Customer Support,Falcon Team,User,&%P3XGff6+
33,Johnathan Fitzpatrick,jonesmarilyn@example.com,Engineering,Theta Team,Admin,h$gs3Qvq0P
34,Amber Martin,amandadunn@example.com,Operations,Hawk Team,User,H18R)OhlF*
35,Jessica Galloway,josephmartinez@example.com,Sales,Lambda Team,Admin,$#0LJc^z($
36,Scott Rhodes,lindarich@example.net,Human Resources,Omega Team,User,e&+D4FmHiu
37,Brandon Stokes,reginabarton@example.net,Sales,Shark Team,Admin,Pj_7XsQq@m
38,Zachary Russell,lovesydney@example.net,Marketing,Zeta Team,User,_fPvBp_%00
39,Michele Cruz,johnpetersen@example.com,Human Resources,Hawk Team,User,_0o^gFRdl2
40,Crystal Reese,simonmatthew@example.com,Engineering,Hawk Team,Admin,!7Mj&8RyR6
41,Maria Figueroa,shawnallen@example.org,Product Development,Dragon Team,Admin,#(4NY!AtT5
42,Christopher Simmons,johnchang@example.org,Sales,Delta Team,Admin,#4TBBRNgrs
43,Elizabeth Hicks,christopher90@example.com,Engineering,Lion Team,Admin,8_2LL@uUpA
44,Tammy Frederick,donald85@example.org,Product Development,Wolf Team,Admin,u^GL9ZNsoF
45,Holly Bradford,xdurham@example.org,Operations,Alpha Team,User,$5oQMkNd$L
46,Ashley Costa,pli@example.net,Customer Support,Zeta Team,User,^euSnE7i8f
47,Jason Thomas,angelabarnes@example.org,Legal,Alpha Team,User,2t8GTe)y0+
48,Lindsey Yates,biancajohnson@example.org,Finance,Delta Team,Admin,I8Xg&K0p@3
49,William Price,jessica64@example.org,Marketing,Sigma Team,User,XK_4%2Ime&
50,Jordan Rodriguez,heather91@example.org,Marketing,Shark Team,User,$*7SxuzODe
51,Ryan Norris,douglasjones@example.com,Sales,Zeta Team,Admin,^7ZpNKqlD@
52,Marcus Davidson,alexiscooper@example.net,Operations,Phoenix Team,User,GBcU@STn*6
53,Emily Smith,morgan31@example.com,Finance,Omega Team,Admin,!cFe3%9oZ9
54,Amy Smith,david68@example.com,Human Resources,Tiger Team,User,z5&a1CBf__
55,Brenda Bridges,thomasjonathan@example.net,Sales,Eagle Team,User,uQ8pR2td@#
56,Francis Hawkins,marieburns@example.net,Customer Support,Hawk Team,Admin,rG!k6N9ifu
57,Richard Russo,qlopez@example.org,Product Development,Delta Team,Admin,C%Je0Ehwd&
58,Jackson Jenkins,monicameyers@example.org,Human Resources,Hawk Team,User,8vh9X)Uv)0
59,John Lowery,matthew08@example.com,Customer Support,Shark Team,Admin,w2MEoNGk(H
60,Leslie Newton,nicholsongrace@example.net,Legal,Wolf Team,User,(wcWZJoO!7
61,Tanya Williams,bmccullough@example.net,Product Development,Hawk Team,User,J)p452CeB!
62,Christopher Juarez,pcox@example.net,Operations,Dragon Team,Admin,4D7K*G5tv+
63,Blake Spence Jr.,richard03@example.com,Human Resources,Zeta Team,Admin,9*3UnL7(@#
64,Paul Potts,christina42@example.org,Operations,Phoenix Team,Admin,+!hJQRsno7
65,Cristian Walker,steven22@example.com,Operations,Phoenix Team,Admin,x27Kvs#N%H
66,Rebecca Reed,gwilliams@example.net,Operations,Eagle Team,Admin,_9h&LI_pGx
67,Monica Meyers,georgetorres@example.org,Customer Support,Shark Team,Admin,&_U7MeI%+6
68,Jennifer Smith,fhuang@example.org,Operations,Hawk Team,User,Fv8TP6A%i!
69,Casey Melendez,dunnseth@example.org,Operations,Beta Team,User,l%*M1XyNLd
70,Miranda Martin,kathy79@example.net,Finance,Wolf Team,Admin,*6k+QGdS_m
71,Ryan Rosario,jillhoffman@example.com,Legal,Phoenix Team,Admin,09$dkP_f%t
72,Luis Contreras,david60@example.com,IT,Lion Team,User,w^_5R)tJLg
73,Rebecca Hays,perezwilliam@example.net,Customer Support,Eagle Team,Admin,DV%l0ILsHb
74,Lindsey Lane,denise75@example.com,Sales,Wolf Team,Admin,$eQIu3XB6F
75,Jessica Davis,bwalker@example.net,Marketing,Delta Team,User,z5Puf4&*@c
76,Julie Shaw,lambertlawrence@example.com,IT,Tiger Team,User,S0V%4e#&+k
77,Scott Walters,diana66@example.org,Customer Support,Theta Team,Admin,1Nn&6NRbLO
78,Michael Marks,paulconway@example.net,Product Development,Delta Team,Admin,F(4#CRTaYH
79,Diana Allison,jpetersen@example.net,Marketing,Zeta Team,User,)S7H6n(a2p
80,Erik Fisher,pmcpherson@example.com,Customer Support,Sigma Team,User,m_q6Ln5xgv
81,Brandon Powers,marybailey@example.org,Engineering,Lion Team,Admin,c3K2#nr^*I
82,Crystal Mendoza,melissaberry@example.org,Finance,Phoenix Team,Admin,O%l8Ge6sj(
83,Tiffany Garcia,kcruz@example.net,Sales,Gamma Team,Admin,$r@!8cSsq5
84,Anthony Burke,kflowers@example.org,Sales,Lambda Team,Admin,$NY7TZawdn
85,John Duffy,chavezkenneth@example.org,Product Development,Theta Team,Admin,14QShw4Y_A
86,Karen Fox,ashley21@example.com,Human Resources,Falcon Team,User,z(ao+r4ptZ
87,David Richardson,vmckenzie@example.com,Legal,Dragon Team,Admin,0$QvMyXy#9
88,Tracy Goodman,sdavis@example.org,Customer Support,Lambda Team,User,*ZR6CQmrj0
89,Cynthia Johnson,gfrazier@example.org,Legal,Beta Team,User,mG45CsO1Y^
90,Melissa Mann,prattangela@example.net,Operations,Alpha Team,Admin,Z622@2Ac!W
91,Darryl Mcdonald,fgrimes@example.com,Customer Support,Lion Team,User,u@1&+6U9Iv
92,Joseph King,lisacoleman@example.org,Marketing,Theta Team,User,jRTk3Nc#+e
93,Cody Barnes,joejohnson@example.com,Human Resources,Shark Team,User,(12TdU0RQs
94,Melissa Delacruz,daniel20@example.com,Operations,Alpha Team,Admin,*XWwKJ4i(6
95,Lindsey Dennis DVM,glamb@example.net,Operations,Phoenix Team,User,EQ3n9)jq7!
96,Mike Cooper,rebeccaweaver@example.com,Human Resources,Hawk Team,Admin,nS9CxBHhn#
97,Sophia Erickson PhD,tammy28@example.net,Human Resources,Eagle Team,User,+$JUksh+8v
98,Kaylee Garner,cheryl89@example.com,IT,Dragon Team,Admin,^(@6jkFid3
99,Travis Cooper,ggraves@example.org,Engineering,Rhino Team,User,U5FacQXx%_
100,Sarah Woodard,tvilla@example.org,Legal,Epsilon Team,User,aZ%xG1Ur3p
101,John Owens,jameswhite@example.org,Marketing,Hawk Team,Admin,O_3MtXsx#W
102,Rachel Hayes,rachaelsantiago@example.com,Sales,Rhino Team,User,54I%$Fx!@3
103,Howard Barr,heatherbishop@example.com,Customer Support,Omega Team,User,V@4cKLqh^H
104,Jessica Russell,mannmichael@example.com,IT,Shark Team,Admin,JM&4zybwj%
105,Reginald Wiley,david86@example.com,Legal,Alpha Team,Admin,pG6VfbnI$E
106,Elizabeth Wilson PhD,kwall@example.org,Marketing,Zeta Team,Admin,$f7w%ILvHC
107,David Dunn,xherrera@example.com,Customer Support,Beta Team,Admin,+7XCIw+U!O
108,Scott Beck,jonesanthony@example.com,Sales,Phoenix Team,Admin,@4ORVBOyXs
109,Amy Howard,christianburns@example.com,Human Resources,Theta Team,User,#tD!!iDj!9
110,Melissa Bender,lewismonique@example.com,Customer Support,Eagle Team,User,l_04Jnmxfs
111,Timothy Deleon,pottersara@example.com,IT,Wolf Team,Admin,v9DZ1Sgl#a
112,Mark Moore,jonathansparks@example.org,Marketing,Gamma Team,User,zx(2*fJxQ)
113,Joshua Jones,michaelmarshall@example.com,Customer Support,Lambda Team,User,aX*W4aWv8B
114,Luke Gamble Jr.,cgalloway@example.com,IT,Lion Team,Admin,^n428Eqt@#
115,Michael Salinas,tiffany55@example.com,Product Development,Eagle Team,User,u1CZc@%k%8
116,Stephanie Nguyen MD,christinachavez@example.net,IT,Sigma Team,Admin,JU%39SUdOt
117,Lori Bowers,ricardo21@example.com,Marketing,Zeta Team,Admin,@1^lJgMg_l
118,Mark Green,thompsondean@example.org,Legal,Lambda Team,User,M24yMpAq%)
119,Rebecca Williams,rford@example.org,Legal,Phoenix Team,Admin,yl+2X#GnBz
120,Bradley Lewis,christopherabbott@example.org,Customer Support,Delta Team,User,_+71UqTlU3
121,Christina Williams,ssexton@example.net,IT,Hawk Team,User,M5ELqlz5&H
122,Rhonda Bennett,rebeccaanderson@example.net,Human Resources,Delta Team,Admin,%)Dk4^ibI8
123,Michael Romero,barnetttracy@example.net,Engineering,Tiger Team,User,1NS3!vf6)A
124,Donna Hernandez,danielsarah@example.com,Engineering,Tiger Team,Admin,7c8hh_KFo$
125,Linda Crawford,holderthomas@example.net,Legal,Beta Team,Admin,7FAz%7yH_n
126,Tina Floyd,ywilkins@example.org,IT,Sigma Team,User,@6L29Jl_n0
127,Ashley Miller,jacob51@example.com,Sales,Lion Team,User,vmR04IB85#
128,Jose Rodgers,irichardson@example.com,Human Resources,Zeta Team,User,#MdI7NmNsB
129,Justin Castillo,hughesnicole@example.org,Customer Support,Phoenix Team,User,^l355Sg!qm
130,Peter Hanson,nicholas14@example.net,Legal,Sigma Team,User,j+L3$I(p$V
131,Ashley Jackson,meyerchristian@example.org,Operations,Theta Team,Admin,G1XMsgFi(e
132,Justin Myers,orosales@example.com,Sales,Hawk Team,Admin,FvtH8ncC!4
133,Lisa Moyer,barbara86@example.com,Sales,Alpha Team,User,o9SBKfc2#7
134,Brian Hill,collin22@example.net,Human Resources,Tiger Team,User,@)lNBaOhJ3
135,Alicia Allen,laurenmonroe@example.net,Human Resources,Zeta Team,User,6#)8M0t_Np
136,Jeffrey Walsh,moorelaura@example.org,IT,Shark Team,Admin,$tqIbIhpa8
137,Jean Castillo,jordanmelanie@example.com,Product Development,Hawk Team,User,5$PG1GPadE
138,Dr. Jeffrey Kirby,dianacortez@example.com,Legal,Delta Team,User,_1Fp6liW9b
139,Pamela King,uday@example.com,Finance,Eagle Team,User,_B3vDpsTET
140,Terri Adams,sporter@example.org,Marketing,Eagle Team,Admin,iGus2Ctei(
141,Charles Martinez,whitenicholas@example.com,Sales,Lion Team,Admin,ENR6fdEu@$
142,Karen Jenkins,olsonashley@example.org,IT,Epsilon Team,User,7znP+n*g&w
143,Timothy Hayes,andersondavid@example.com,Sales,Eagle Team,User,_H3I3CxU9D
144,Pamela Lopez,johnsonjerome@example.org,Legal,Theta Team,Admin,*0CuzAk^%H
145,Melissa Mcfarland,zcooper@example.net,Product Development,Rhino Team,Admin,9h9CKF6oi+
146,Cassandra Wilkerson,jenniferwilliams@example.net,Operations,Delta Team,User,%5!3SSTq$X
147,Lisa Ward,edwardbrown@example.net,Finance,Theta Team,User,zh7#PwE2_*
148,Henry Lynch,mariaperez@example.net,Legal,Beta Team,User,i6VmNi%B_2
149,David Wolfe,johnbell@example.com,Engineering,Epsilon Team,Admin,4%Kf7W8pbG
150,Michael Mcdonald,brendamoore@example.com,Human Resources,Dragon Team,User,%$9!jU!fv)
151,Melissa Keith,jose25@example.com,Customer Support,Hawk Team,Admin,*M2+H4uo8d
152,Amber Rogers,kenneth85@example.com,Product Development,Rhino Team,User,Db&6Xs@20!
153,Mr. Kevin Bailey,hansenmatthew@example.org,Marketing,Theta Team,Admin,^ZUgTQb_1%
154,Jane Hines,reeserobert@example.com,Finance,Hawk Team,Admin,&O6%Tl1kl+
155,Robert Reyes,john47@example.net,IT,Zeta Team,User,XPW2Zdsg^j
156,Jessica Mcdonald,jessicagrimes@example.org,Engineering,Hawk Team,Admin,!92N^gt*W)
157,Michael Adams,davismark@example.com,Marketing,Phoenix Team,Admin,gH9v(*pt6(
158,John Vang,danaforbes@example.org,Legal,Delta Team,User,Te7ON9r!&7
159,Christine Patterson,selenathompson@example.org,Customer Support,Dragon Team,User,ZM2VD3qt4^
160,Jennifer Murphy,qphelps@example.org,Product Development,Rhino Team,Admin,^1hPk(Hfu_
161,Shelby Stone,brandonandrade@example.com,Product Development,Zeta Team,User,0XeEUvy#^f
162,Heather Lawson,qgomez@example.org,Legal,Lambda Team,Admin,!6OTNqckL9
163,Erica Thomas,eric39@example.com,Product Development,Tiger Team,User,bE+x4hYdGJ
164,William Harris,donald68@example.org,Human Resources,Lion Team,Admin,^6O6FH^gyP
165,Jill Perez,henrychristopher@example.net,Product Development,Dragon Team,Admin,@^j2q!IyGD
166,Daniel Parks,zachary26@example.net,Finance,Tiger Team,Admin,Oa77FLU(*8
167,Joseph Miller,cheryl61@example.org,Customer Support,Gamma Team,User,H8P8$DDy)2
168,Dale Johnson,hsmith@example.org,IT,Beta Team,User,_v3TOSdBSH
169,Barbara Burton,williamsnicole@example.com,Human Resources,Dragon Team,User,!5SGiWBq*q
170,Matthew Carter,fgarcia@example.org,Human Resources,Rhino Team,User,WkNPeVdb!4
171,Jerry Cole,byrdnatalie@example.net,IT,Rhino Team,Admin,)*2Fl0eZlP
172,Jeremiah Fisher,zromero@example.net,Product Development,Dragon Team,User,d0J9WbijC%
173,Bob Hansen,sgordon@example.net,Operations,Delta Team,User,7KQ46KFl(8
174,Andrew Gonzalez,grahamdarryl@example.com,Operations,Rhino Team,Admin,j$l#4JhR%u
175,Mrs. Jessica Reid,smithmichelle@example.com,Customer Support,Epsilon Team,Admin,!X2_TDUqZ*
176,Amy Bright,grayjacob@example.net,Sales,Beta Team,Admin,$HKCM)Al8w
177,Timothy White,calvinleon@example.net,Legal,Epsilon Team,User,d+6JMUJrSx
178,Jason Mcfarland,lisa91@example.com,Engineering,Beta Team,User,_1M41Rh!y4
179,Claire Smith,corey20@example.org,Customer Support,Tiger Team,Admin,(u1d1GJzq_
180,Shari Sherman,margaretdrake@example.com,Engineering,Zeta Team,Admin,!^d6G@be4Z
181,Amanda White,kellyryan@example.net,IT,Theta Team,User,)(9sRoIbx6
182,Lawrence Cox,irasmussen@example.net,Legal,Omega Team,User,yn3JDfh+G#
183,Kaitlin Walton,kennethpreston@example.net,IT,Hawk Team,Admin,5OAgGloh%3
184,Bobby Wagner,destinythomas@example.net,IT,Beta Team,Admin,L$5XwWUH2c
185,Sydney Yang,hollywhite@example.net,Customer Support,Phoenix Team,Admin,@bjBw4cba8
186,Ashley Jones,lorimckee@example.com,Marketing,Alpha Team,User,t6mTmQYJ+*
187,Jennifer Porter,bramirez@example.com,Customer Support,Alpha Team,Admin,X3B2%qLx%6
188,Shannon Tran,paularocha@example.com,Product Development,Alpha Team,Admin,!wI2RHObz6
189,Shelly Smith,paynekaitlyn@example.org,Legal,Gamma Team,Admin,vOxMIDkY+8
190,Brian Davis,obrewer@example.com,Sales,Zeta Team,User,_fR5Er)r)L
191,Kelly Edwards,steven66@example.com,IT,Alpha Team,Admin,T&5ECrBpxk
192,Kathryn Caldwell,michaelorr@example.net,Human Resources,Tiger Team,Admin,N_9x0Gje*o
193,Colleen Wall,frankstrickland@example.org,Operations,Lambda Team,Admin,kMA7ulgf)3
194,Cindy Brown,jacksonmichael@example.net,Engineering,Epsilon Team,User,!#Le4NwFiW
195,Linda Conrad,timothy87@example.com,Engineering,Rhino Team,Admin,bKALk1Bo^1
196,Erik Bailey,courtney55@example.org,IT,Phoenix Team,User,L774Z#Qr*9
197,Tiffany Anderson,judyramirez@example.org,IT,Gamma Team,Admin,vjZ9OibO@r
198,Dalton Richardson,smithjon@example.com,Engineering,Theta Team,Admin,0l3XREfn#Z
199,Angela Owens,taylorsteven@example.net,Sales,Beta Team,Admin,)2kXABtqb4
200,Stephen Miranda,racheljones@example.com,Customer Support,Beta Team,User,dJ6nJsS#+0
201,Jill Moyer,kpeters@example.org,IT,Lion Team,Admin,cW2W2(Yec+
202,Tiffany Thornton,jhughes@example.com,Product Development,Gamma Team,User,)yB2MOVD1q
203,Jared Khan,emily55@example.com,Customer Support,Wolf Team,User,+6XJ%mdwt(
204,Geoffrey Valdez,ashley89@example.org,Engineering,Tiger Team,User,v749_Uwdx+
205,Renee Brown,perkinskeith@example.com,Engineering,Alpha Team,User,5L_3xJzqX+
206,Nancy Torres,jacobrobertson@example.net,Operations,Epsilon Team,User,#RWOfgQX3v
207,James Gonzalez,fpeterson@example.net,Engineering,Dragon Team,User,T7k%vRXx$*
208,Colin Rivera,robert14@example.net,Operations,Gamma Team,User,&0I3Bqw^*e
209,Sean Stone,juliecurtis@example.org,Operations,Omega Team,Admin,h+E3DZLtDG
210,Jeffery Reid,castillokatherine@example.net,Product Development,Theta Team,Admin,!JvM3XvMTp
211,Madison Miller,codyhubbard@example.net,Operations,Beta Team,User,*DfR$57a8v
212,Ryan Edwards,piercejohnny@example.com,IT,Sigma Team,User,Dz)9IbSFxK
213,Lisa Berry,pmolina@example.org,Product Development,Tiger Team,Admin,%xOP+ZH69o
214,Kelsey Myers,lnelson@example.org,Human Resources,Sigma Team,Admin,@voy6GdFIA
215,Joseph Montes,mario35@example.com,Legal,Dragon Team,Admin,1zV@ZXde*)
216,Sandra Long,philip13@example.com,Operations,Falcon Team,Admin,Ag4D0U)r!F
217,Michael Davila,scabrera@example.org,Marketing,Wolf Team,User,6R^^5QIrBm
218,Erik Schultz,marymiller@example.net,Engineering,Phoenix Team,Admin,HN@!f4Py^o
219,Aaron Gonzalez,schneidermegan@example.org,Operations,Zeta Team,Admin,8zRh*p73$L
220,Matthew Gonzalez,kellysmith@example.com,Customer Support,Falcon Team,Admin,&TWel5Xeou
221,Miss Paula Sherman PhD,katrina69@example.net,Engineering,Delta Team,Admin,_@6wcOeGFX
222,Isaac Martinez,paul70@example.com,Operations,Wolf Team,Admin,$5Kqa8F&)M
223,Dakota Jordan,mmonroe@example.com,Finance,Omega Team,User,6h6UOw$g*6
224,Melanie David,carpenterdavid@example.com,Product Development,Theta Team,Admin,)F*OkX(f36
225,Brandi Harris,melissahutchinson@example.org,Operations,Rhino Team,User,$WFaq^o^7K
226,Tiffany Smith,angelahawkins@example.org,Operations,Sigma Team,User,va5FHQ#_g*
227,Andrew Williams,natalie49@example.net,Sales,Zeta Team,User,#NGw_dBbN1
228,Kathleen Monroe,collinslarry@example.com,Customer Support,Lion Team,Admin,%mcy7B0yzD
229,Richard Fuentes,selenamills@example.org,Engineering,Eagle Team,User,DJ(6WS@aP*
230,Rebecca Martinez,joymurphy@example.org,Engineering,Sigma Team,Admin,0W84qPe07$
231,Michael Dixon,opetersen@example.org,Product Development,Falcon Team,Admin,!3Q_fx9noV
232,Troy Richmond,iwatts@example.org,Customer Support,Phoenix Team,User,H2VrHtTT$b
233,Jonathan Randall,haleheather@example.net,Operations,Falcon Team,Admin,%)UkwEW#04
234,Jeanette Bailey,gwolf@example.net,Marketing,Shark Team,Admin,*2L3UQiHtY
235,Anthony Parrish,adamsbrooke@example.org,Customer Support,Wolf Team,User,WF23C88h^v
236,Scott Weiss,walkerchristopher@example.net,Customer Support,Alpha Team,Admin,H)JG4lekjB
237,David Marsh,aaronmorgan@example.org,Operations,Sigma Team,Admin,N$!&Z9Qn*d
238,James Bishop,fisherterri@example.com,Customer Support,Dragon Team,User,jST_MqRT$5
239,Kristopher Williams,allenfisher@example.net,Operations,Shark Team,Admin,5!%5_!YzQ$
240,Joseph Sexton,taylorkevin@example.org,Customer Support,Theta Team,Admin,i_PnPnib*5
241,Eric Sanchez,richardslaura@example.com,Customer Support,Delta Team,Admin,lXGMgX0*^3
242,Jessica Maxwell,amanda75@example.net,Operations,Zeta Team,Admin,$5qRkIQ9^u
243,Karen Brown,sergiomathews@example.org,Legal,Beta Team,User,991QFmdp+N
244,Chad Mitchell,patrickhuff@example.net,Marketing,Alpha Team,Admin,$1CrgmErmy
245,William Harris,tsimmons@example.com,Customer Support,Sigma Team,User,7_7Z&mb0PT
246,Anthony Esparza,smithjoshua@example.net,Operations,Shark Team,Admin,^h2LlKn+Ot
247,Jeremy Weber,awells@example.com,Product Development,Alpha Team,Admin,%+5wUveMci
248,Jeffrey Rodriguez,eric51@example.org,Finance,Hawk Team,Admin,+IKj&CtO9Y
249,Diane Sellers,john55@example.org,Finance,Rhino Team,Admin,*64qdzG8zY
250,Samantha Lindsey,bullockjorge@example.org,Legal,Gamma Team,User,b*36^+Nl*K
251,Shari Brooks,kramerheather@example.com,Legal,Lambda Team,User,Bo1gOZ@u%Y
252,Natalie Gonzales,xkhan@example.net,Legal,Sigma Team,Admin,9YRN1DAb^(
253,Kenneth Mcguire,wwalker@example.org,Finance,Omega Team,Admin,ni0QLZV@!7
254,Douglas Smith,dustin69@example.net,Finance,Eagle Team,Admin,l6KvJuzb@d
255,Nicole Weber,elizabeth63@example.net,Finance,Falcon Team,Admin,+ID6INvod^
256,Benjamin Mclean,ajohnson@example.com,Customer Support,Tiger Team,Admin,EtKTWut9@6
257,Richard Anderson,omckinney@example.com,Legal,Zeta Team,Admin,_RaQlAlk2H
258,Keith Lozano,michael31@example.com,Legal,Dragon Team,Admin,79vDGWoa*d
259,Nicholas Estrada,josephburke@example.net,Finance,Alpha Team,Admin,Qv7ChXEq(*
260,Teresa Jones,esparzarobin@example.org,Finance,Beta Team,User,+zIoMs+j2b
261,Alex Morris,iferguson@example.org,Sales,Lion Team,User,AhYs7Zn#+o
262,Jennifer Jackson,reedallison@example.com,IT,Beta Team,User,%q37HsOg^w
263,Jonathan Saunders,austincarter@example.com,IT,Zeta Team,Admin,^1C(!Xn8!k
264,Rachel Rice,shelbyramirez@example.net,Human Resources,Beta Team,Admin,%39X2IJc&e
265,Michael Caldwell,ross07@example.com,Finance,Phoenix Team,User,cOMRRk2I(9
266,Laura Brown MD,owilson@example.net,Operations,Gamma Team,Admin,4@7Np1Jz@h
267,Angela Hendrix,echristensen@example.org,Operations,Hawk Team,User,R36RP6^nN%
268,Douglas Castillo,alex94@example.com,Engineering,Sigma Team,Admin,L7x5qUa8i$
269,Aaron Montes,leon38@example.org,Sales,Dragon Team,Admin,Sk9MWqWqb@
270,William Baxter,ywaters@example.com,Sales,Omega Team,Admin,%n7u1FxBja
271,Kevin Rodriguez,mitchellhunter@example.com,Engineering,Falcon Team,User,_B5blKy*$z
272,Kristina Lambert,jonathan78@example.org,Sales,Beta Team,User,pJ8fN4sXT*
273,Emily Davis,rbaldwin@example.com,Sales,Alpha Team,Admin,x6W!H5la^n
274,Carl Brown,kkramer@example.net,Legal,Alpha Team,Admin,6Ox5!_Wz^^
275,Carlos Kennedy,oscarstewart@example.com,IT,Lion Team,User,aeL!6Y9p$M
276,Brittany Williams,beltrankatherine@example.org,Marketing,Delta Team,Admin,9cwMy1TR*e
277,Daniel Ruiz,michellebell@example.com,Customer Support,Shark Team,User,%jLQ2p7E41
278,John Moran,lori83@example.net,IT,Gamma Team,User,g&8FGb2iDm
279,Mr. David Carroll,evanswilliam@example.net,Human Resources,Sigma Team,User,7VO2Ddio3*
280,Nathan Harris,bmendez@example.net,Legal,Lambda Team,Admin,k%J_1MEn^(
281,Chelsea Johnson,wisekelly@example.org,Marketing,Tiger Team,User,(2z7Ly&vM1
282,Cynthia Lloyd,jonesalvin@example.com,Human Resources,Eagle Team,Admin,#ZB4VFCd!8
283,Troy Schmitt,brandonpayne@example.org,Sales,Falcon Team,Admin,(K7xHmBuU#
284,Kathleen Thompson,smithdaniel@example.net,Sales,Alpha Team,User,^7OITgkVk4
285,Gina Fuller,ptorres@example.org,Sales,Sigma Team,Admin,I8cGda!w#G
286,Shawn Kelley,andremeyer@example.net,Sales,Delta Team,Admin,)Keap1kyv+
287,Sierra Garcia,ustevenson@example.net,Human Resources,Tiger Team,User,(2NSbnWzcO
288,Jeffrey Howard,tiffany37@example.com,Legal,Dragon Team,User,(i1pYNKGo&
289,Angel Lucas,barnettchristina@example.net,Human Resources,Dragon Team,User,5XFv51Hz%3
290,Samantha Delgado,hansenperry@example.net,Human Resources,Sigma Team,Admin,&#1VLv%ig$
291,Jessica Hubbard,mikehunt@example.org,Finance,Omega Team,User,UR14TOQm7*
292,Sarah Melton,moralesjeffrey@example.org,Sales,Rhino Team,Admin,9*4b3zDfji
293,Teresa Lester,watsonjoshua@example.com,Operations,Gamma Team,User,g8zmAUv1+K
294,Richard Moreno,williamjacobson@example.net,Product Development,Zeta Team,Admin,r27Pw7@d%z
295,Mr. Joseph Friedman,christina64@example.net,Sales,Rhino Team,Admin,+xJ5KemGhX
296,Tiffany Burton DDS,evanscarla@example.org,Customer Support,Gamma Team,User,EVl59KZw3&
297,Patrick James,danielsantiago@example.com,Human Resources,Omega Team,User,w+E!5Nlu^W
298,Lisa Espinoza,moorecharles@example.net,Finance,Dragon Team,Admin,)3+CMma9qc
299,Tamara Henry,lisamarshall@example.net,Customer Support,Rhino Team,Admin,Ay+7tyOrpE
300,James Brown,melaniebender@example.net,Customer Support,Hawk Team,User,q^e*FWlx_5
301,Bernard Sanchez,brussell@example.com,IT,Delta Team,User,gZ49gjCnw)
302,Hailey Walton,cgamble@example.net,Engineering,Tiger Team,Admin,^qY47CqBP^
303,George Fischer,paceheather@example.net,Product Development,Omega Team,User,U^r$8SEeW*
304,Dawn Moss,melissahodges@example.net,Engineering,Wolf Team,User,GNg6Hn3mM+
305,Gary Peters,ppowell@example.com,Engineering,Delta Team,User,5*71QvPUGY
306,Dr. Krystal Jarvis,michael14@example.net,Legal,Omega Team,Admin,I5Ql0ZCqQ#
307,David Adams,amygoodwin@example.net,IT,Gamma Team,Admin,&eeEAZWd$6
308,Frances Smith,nhernandez@example.com,Engineering,Beta Team,User,489_rjKs*V
309,Heather Wilson,robinsonthomas@example.org,Finance,Falcon Team,User,^6Kqeb10Nk
310,Keith Osborne,ucollins@example.net,Customer Support,Rhino Team,User,K2iuC%ju^G
311,Chelsea Kim,anthonywillis@example.net,Marketing,Shark Team,Admin,q9MDHo^a(F
312,Rose Martin,nicholas01@example.org,Engineering,Alpha Team,Admin,^D1PkJHoyG
313,Maria Lang,lydiaphillips@example.net,Finance,Dragon Team,Admin,!TiKz_ve50
314,Robin Benitez,kevinsharp@example.com,Operations,Sigma Team,User,*q3LKCWgUw
315,Dennis Cox,alyssajones@example.com,Finance,Omega Team,Admin,%vQE&YQlN1
316,Jacqueline Tran,fcontreras@example.com,Sales,Gamma Team,Admin,)8YRz!Y+ph
317,Rachel Jackson,michael44@example.com,Customer Support,Theta Team,User,FH4sGIio_S
318,Connie Perry,nelsonjeffery@example.com,Human Resources,Eagle Team,Admin,233Kn3X)!Z
319,Kelly Roberts,alexacortez@example.org,Legal,Beta Team,Admin,r3EVaErk(i
320,Eric Reyes,fergusonmichael@example.com,Customer Support,Epsilon Team,Admin,!8SMbiJi&s
321,Carlos Parker,matthewwilson@example.org,Operations,Phoenix Team,User,%f%d4S$zaH
322,James Rodgers,kaitlynbyrd@example.com,Human Resources,Gamma Team,User,#263UZrbw@
323,Ashley Gonzales,william65@example.org,Operations,Beta Team,User,f46NbiOw_9
324,Ashley Morales,rjohnson@example.com,Finance,Zeta Team,Admin,d)7vPMLvgg
325,Christopher Torres,ilynch@example.net,Finance,Falcon Team,User,d)2Wj1JcAK
326,William Osborne,willielane@example.com,Engineering,Dragon Team,User,7M66I@v4_Q
327,Joel Mccullough MD,brianbuck@example.com,Engineering,Dragon Team,User,@6VJgrT*0z
328,Austin Dickson,phillipstraci@example.net,Engineering,Wolf Team,Admin,s96DfpzD&Z
329,Catherine Gill,joshuajames@example.org,Engineering,Shark Team,User,)MF!g!e5R1
330,Donna Evans,jacob05@example.org,Customer Support,Falcon Team,User,(9ZNplg(uB
331,Jasmine Douglas,wrodriguez@example.org,Engineering,Lambda Team,Admin,#5J1+VbDcM
332,Timothy Anderson,ahanna@example.net,Marketing,Hawk Team,Admin,5na6BBLa+2
333,Jade Grant,ryan92@example.org,Legal,Zeta Team,Admin,!$vORs1&L5
334,David Sandoval,beckertammy@example.net,Legal,Delta Team,User,E!B5I6EP$l
335,Tiffany Riddle,omays@example.com,Sales,Tiger Team,Admin,uKL1SiFto@
336,Joseph Jordan,joshuabrown@example.org,Operations,Zeta Team,User,_6&HMGaXle
337,Courtney Cross,suttondavid@example.com,Customer Support,Tiger Team,Admin,!rP*0&RmIg
338,Laura Meyers,michael71@example.com,Finance,Falcon Team,User,Ru96)Jru@V
339,Sherri Jarvis,sarahgrant@example.com,Operations,Tiger Team,Admin,jO5Jkpveg!
340,Tina Jimenez,sabrina28@example.org,Customer Support,Zeta Team,User,)fh^7M!f@)
341,Brenda Patel,lisacox@example.org,Marketing,Gamma Team,Admin,2f$9^ITiC^
342,Katherine Roth,stacymcdaniel@example.org,Product Development,Falcon Team,Admin,QdOav_ob^1
343,Kathryn Keller,brianross@example.org,Operations,Phoenix Team,User,0ktoMzFy@Y
344,Michael Andrews,james61@example.org,Operations,Sigma Team,Admin,3rmf8Tur@I
345,Victoria Jackson,larry83@example.net,Product Development,Eagle Team,User,n6wO^rYS)H
346,Raymond Hodges DDS,dawnbell@example.org,Operations,Eagle Team,Admin,^8&SG)VrMs
347,Brandi Harrington,chaneyjames@example.com,Engineering,Epsilon Team,Admin,&6EYklU^w&
348,Steven Garcia,charles76@example.net,IT,Hawk Team,User,eRGcVX0t)2
349,Anthony Watson,andersonrobert@example.org,Marketing,Rhino Team,User,^0AMP2eX1+
350,Jennifer Bullock,nthomas@example.com,Engineering,Omega Team,User,Q#0r_SlcW+
351,Christine Rodriguez,lauren27@example.org,Product Development,Delta Team,User,@ddoTj+QV4
352,Carol Myers,debbiegregory@example.org,IT,Lion Team,User,(rZ(yi3N8G
353,Austin Potter,swallace@example.net,Operations,Wolf Team,Admin,6_&6Xo@QZ(
354,Tiffany Horne,erin44@example.net,IT,Dragon Team,Admin,+JwWcB6pB3
355,Daniel Gibson,hammondruben@example.org,Operations,Falcon Team,Admin,NA(q66Yk$n
356,Katherine Murphy,jimenezdavid@example.com,Product Development,Eagle Team,User,%16*2Ixh_t
357,Robert Martinez,carolynsingh@example.com,Sales,Omega Team,User,r*Je5)Mfn)
358,Eric Choi,wooddaniel@example.net,Product Development,Eagle Team,User,M9GmZ2Il%3
359,James Jones,tracyharper@example.org,Operations,Phoenix Team,Admin,346KBvaB+v
360,Patrick Miles,arthur17@example.org,Product Development,Dragon Team,User,vq7Xsf6_**
361,Amber Evans,kennedyjuan@example.org,Product Development,Rhino Team,User,e%6KjjVaKV
362,Roberta Hebert,qpowell@example.net,Finance,Theta Team,Admin,&()9V7Iy(e
363,Ashley Ramsey,ohill@example.com,Customer Support,Shark Team,Admin,V(n28zIjDq
364,Justin White,csanders@example.org,IT,Alpha Team,User,^4CdEm9rw3
365,Joseph Nash,ifreeman@example.com,Sales,Beta Team,Admin,4K65rFn_0(
366,Karen George,aaronsmith@example.net,Product Development,Hawk Team,Admin,O5mSvDpn+N
367,Alexis Ellis,brandon92@example.net,Legal,Rhino Team,Admin,&oOQ9jXn**
368,Jill Deleon,aking@example.net,Engineering,Sigma Team,Admin,PaNeQiOf&8
369,Kristin Ayers,csantos@example.net,IT,Alpha Team,Admin,v%2Hvf2ta#
370,Johnathan Green,matthewrivera@example.org,Product Development,Sigma Team,Admin,^7uIyf6lJi
371,Scott Johnson,khardin@example.com,Human Resources,Epsilon Team,Admin,96(Zrh#$$k
372,Laura Wright,sallyalexander@example.com,Marketing,Theta Team,User,3vV6u3Vd!y
373,Melissa Smith,andre83@example.net,Customer Support,Shark Team,User,Z!4(lGDkl@
374,Kimberly Vega,watkinssherry@example.net,Finance,Wolf Team,Admin,6a3y#TzZ_(
375,Michael Nolan,wallacejoshua@example.org,Human Resources,Hawk Team,Admin,#2AkYXPann
376,Cassandra Jones,michael56@example.com,Product Development,Zeta Team,User,J6T@8OXn#i
377,Blake Whitney,madisonlittle@example.com,Engineering,Beta Team,Admin,*Jt6ZDLlTC
378,Daniel Thomas,gutierrezrenee@example.net,Operations,Lambda Team,Admin,Q0X$ZWx0&d
379,Lauren Olson,samuelodonnell@example.org,Human Resources,Eagle Team,User,(8CiK@tYt0
380,Kenneth King,markpope@example.org,IT,Zeta Team,User,5eVRQQvV@8
381,Heather Payne,robinsonkenneth@example.org,IT,Sigma Team,User,^4eKiZ6P+d
382,Steve Pineda,john35@example.com,Product Development,Dragon Team,User,)K66(RLBv2
383,Brian Nguyen,alvaradobrianna@example.net,IT,Gamma Team,User,3hZPT!FG&G
384,Ruben Oneill,heatherbrown@example.net,Operations,Lion Team,User,&5dS(Dido4
385,Stephanie Miller,boylezachary@example.org,Finance,Gamma Team,Admin,XsOuZt)v)6
386,Vincent Craig,jwilkerson@example.net,Human Resources,Epsilon Team,Admin,Tg2HmKmn&q
387,James Peterson,newmanshannon@example.net,Engineering,Beta Team,User,NXH!DtqF@1
388,Alexandra Campbell,wraymond@example.org,Sales,Dragon Team,Admin,)pIYUWNq)2
389,Alex Phelps,kevinpennington@example.com,Operations,Wolf Team,User,!5qZ5vFgHg
390,Tanya Knight,imiller@example.net,Product Development,Beta Team,Admin,@9$dYWaITM
391,Christopher Cohen,debra88@example.net,Engineering,Dragon Team,User,*27@^dMgHg
392,John Rivera,farleykenneth@example.org,Product Development,Tiger Team,Admin,dL7HTF)y!$
393,Sheena Neal,terriduran@example.com,Sales,Shark Team,User,(0HHByw8k$
394,Heather Jackson,david12@example.com,Sales,Tiger Team,Admin,^V06Jo*4u@
395,Lauren Scott,porterjessica@example.com,Legal,Delta Team,User,v80s7W@c_W
396,David Sellers DVM,njohnson@example.org,Finance,Omega Team,Admin,tO8KlhDw&o
397,Jeffery Patton,tracyrichards@example.net,Operations,Eagle Team,User,#HQ9S%CoMS
398,Andrew Sanders,kathleenmitchell@example.com,Customer Support,Tiger Team,Admin,0Xal#LgL#Z
399,Douglas Harris,shane51@example.org,Human Resources,Dragon Team,Admin,(zhI3VbOCS
400,Raymond Dyer,kevin54@example.org,Operations,Hawk Team,Admin,zBjCOXFc)3
401,Arthur Ibarra,jacksonnicole@example.org,Product Development,Tiger Team,Admin,l^n1p)nuRC
402,Antonio Landry,pamelamoore@example.org,Sales,Eagle Team,User,_nx*$6Imb0
403,Tyrone Cuevas,robinschwartz@example.org,Finance,Wolf Team,User,gMrY7Gyu+5
404,Eric Humphrey,benjaminweaver@example.org,Human Resources,Zeta Team,Admin,_k5t4IPn@+
405,Meghan Holmes,hbrown@example.org,Engineering,Zeta Team,Admin,!3QJ4o9a)(
406,Jennifer Burton,jamesmiller@example.com,Operations,Gamma Team,Admin,#6nWRxcK$4
407,Nicolas Chapman,meyerkim@example.org,Operations,Epsilon Team,Admin,((LE$kKpR2
408,Elizabeth Jones,sethcobb@example.com,Finance,Eagle Team,User,%iWP#rcQn7
409,Tracy Lowe,tamara43@example.com,IT,Zeta Team,User,Fl+9ZU+j9N
410,Sheena Knox,michaelcox@example.org,IT,Sigma Team,Admin,)81Q#FwaA8
411,Kimberly Pineda,kelly61@example.com,IT,Falcon Team,User,Qw3zQgqhc(
412,David Lynch,mccallgabriel@example.com,Customer Support,Tiger Team,User,XI)c0ZnEf_
413,Hayley Norris,john10@example.com,Marketing,Shark Team,Admin,d_0C(kgzy&
414,John Luna,ahester@example.net,Sales,Dragon Team,User,cR@9LyUr1*
415,Susan Turner,ericjennings@example.net,Engineering,Epsilon Team,Admin,(Ct51uFt(G
416,Chad Farmer,catherinehuang@example.net,Product Development,Lion Team,User,mVEFT%fO(9
417,Terri Martin,mparrish@example.com,Operations,Gamma Team,Admin,L4CZZp_u$o
418,James Smith,brianpittman@example.org,Customer Support,Tiger Team,Admin,0T89FlLr%x
419,Hannah Snyder,patelpeter@example.org,Engineering,Wolf Team,Admin,4V33iKkB2_
420,Jessica Sanders,gary68@example.org,Human Resources,Rhino Team,User,9f4JGvu+o*
421,Yolanda Villa,millerkim@example.net,Human Resources,Sigma Team,User,#E@2@Ggr!j
422,David Wall DVM,vramirez@example.org,Customer Support,Rhino Team,Admin,mBc7jI%b$_
423,Gregory Richardson,efoley@example.net,Engineering,Lion Team,User,0xcR6Vqv(x
424,Rachel Martinez,carriemartin@example.net,Sales,Epsilon Team,Admin,9NF3uWcg+8
425,Austin Gilbert,medinakaren@example.com,Customer Support,Lion Team,Admin,V4dG1UZsV!
426,Denise Sellers,morrissusan@example.com,IT,Epsilon Team,User,&quE2OJvt9
427,Tracy Mccoy,mcfarlandnichole@example.net,Product Development,Theta Team,User,$aUf7CeZwS
428,Kenneth Jones,fsparks@example.com,Sales,Tiger Team,Admin,j^5%9LAkuI
429,Ryan Hoffman,maria82@example.net,Finance,Zeta Team,Admin,LUf26)z1D_
430,Fred Myers,qjohnson@example.com,Operations,Hawk Team,Admin,3QCfRrAh^g
431,Rebecca Wyatt,nielsenjames@example.org,IT,Zeta Team,Admin,&vsKGn%MO4
432,Tara Gonzales,csmith@example.org,Customer Support,Lion Team,User,J&1UD7RmfQ
433,Jonathan Hoffman,ewong@example.net,Operations,Tiger Team,Admin,$qQqhuE7p1
434,Christopher Jones,qmiller@example.org,Sales,Lion Team,User,W16(G%w5#^
435,Marcus Graves,yangmichelle@example.net,Finance,Sigma Team,Admin,oW1TZAwuM#
436,Amber Rhodes,eschwartz@example.org,Human Resources,Dragon Team,User,bTH7qzBu!X
437,Heather Hatfield,donna77@example.com,Operations,Beta Team,User,*rcn9tMcF7
438,Thomas Mccoy,martinezkevin@example.com,Product Development,Delta Team,Admin,+W8(JpegQT
439,Tom Rangel,heidistewart@example.com,Human Resources,Tiger Team,User,zZks*8FkRY
440,William Robertson,moorestacy@example.org,Marketing,Rhino Team,User,_9U@M1GdHR
441,Benjamin Johnson,irodriguez@example.org,IT,Sigma Team,Admin,HGH1QMuG%Z
442,David Garcia,kathrynruiz@example.com,Marketing,Lambda Team,Admin,XT6BAPMj($
443,Jay Campos,vgonzales@example.com,Customer Support,Lion Team,Admin,Bm@l5T)l@6
444,Russell Mcgrath,joshua00@example.com,IT,Gamma Team,User,+k1OZVuogY
445,Manuel Garcia,daviskevin@example.com,Sales,Rhino Team,User,J7K^6OCgPK
446,Jacqueline Young,mark17@example.net,Human Resources,Omega Team,User,YL&R3P)uC+
447,Jerry Douglas,ylewis@example.org,IT,Epsilon Team,Admin,X6lQU7mX++
448,Samantha Hall,hpena@example.com,Operations,Tiger Team,Admin,sQkN1Yul#*
449,Donna Trujillo,lestrada@example.org,Operations,Delta Team,User,+t*9BjIch4
450,Joshua Robinson,wtucker@example.net,Legal,Epsilon Team,User,@%l6Djb0%3
451,Veronica Chapman,anthonycummings@example.net,Legal,Omega Team,Admin,62h5C9fJ*t
452,Michael Porter,paul73@example.org,Customer Support,Wolf Team,Admin,*rGUsa(WJ9
453,David Benton,david40@example.com,Marketing,Zeta Team,User,_3aJ1jYuk3
454,Brianna Ware,braycatherine@example.org,Finance,Omega Team,User,+kSZkNlg0_
455,Robin Smith,psnyder@example.com,Human Resources,Zeta Team,Admin,qi4rWNYp*t
456,Jennifer Jimenez,rhodesebony@example.com,Engineering,Rhino Team,Admin,5u*2DcenK+
457,Connie Jones,djackson@example.com,IT,Gamma Team,Admin,(4DP^mfiU6
458,Elizabeth Robinson,ijenkins@example.net,Operations,Epsilon Team,Admin,*C6ZgEOk4T
459,Robert Hill,katieallen@example.net,Customer Support,Beta Team,Admin,KCX1BjL3q(
460,Jeremy Lamb,rebekah02@example.org,Operations,Epsilon Team,Admin,i#u9DWTqpi
461,Lisa Hicks,robinsonjoseph@example.com,IT,Alpha Team,Admin,#g5DyaPzj#
462,John Knight,caitlinbrown@example.net,Operations,Delta Team,Admin,7#^C87Hm9@
463,Jesse Rodriguez,espinozakaren@example.org,Operations,Epsilon Team,Admin,+3We_F2xD5
464,Maria Carter,ricejames@example.org,Product Development,Beta Team,User,!6MbdAOXOM
465,Alexis Foster,hayesbradley@example.net,Marketing,Phoenix Team,User,Tr8BlFOC+v
466,John Evans,inunez@example.org,Product Development,Theta Team,Admin,U3HmwhoT%n
467,Jason Collins,hillbrent@example.org,Customer Support,Epsilon Team,Admin,Sk(1Bimm^k
468,James Fields,ufrench@example.com,Human Resources,Lambda Team,User,b+(UuIWs%6
469,Clarence Jackson,cervantesrobert@example.com,IT,Tiger Team,User,Cu4D)1&hc#
470,Heather Brown,rhondamclaughlin@example.net,Legal,Rhino Team,Admin,46_3IDq$fQ
471,Brandon Lopez,barnesdevin@example.com,IT,Delta Team,Admin,IEFv1Dga@#
472,Daniel Scott,trevor78@example.com,Sales,Lambda Team,User,IP2Flypb!9
473,Kristy Stephens,bennettbrandon@example.net,Human Resources,Phoenix Team,User,@)4_Cmo39^
474,Michael Snyder,mdrake@example.net,IT,Delta Team,User,%#JJ7+(r#6
475,Antonio Tyler,brownlindsay@example.org,Finance,Lambda Team,Admin,*M0*4L1kK)
476,Ronald Simmons,romanchristine@example.com,Sales,Beta Team,Admin,@SkXwOMLD9
477,Amanda Washington,walkerangela@example.net,Marketing,Hawk Team,User,!+MRf*yl_2
478,Kristen Johnson,evansmary@example.net,Human Resources,Falcon Team,User,)r7K2MtKj+
479,Rebecca Rollins,garciadavid@example.net,Product Development,Hawk Team,Admin,a&c84Wcn*_
480,Ralph Brady,jameshoffman@example.com,Product Development,Theta Team,User,!ZQgCI0jc0
481,Jeremy Dominguez,jwalker@example.com,Legal,Theta Team,Admin,)P9Ek$9hC8
482,Brittany Walters,sarah91@example.org,Engineering,Gamma Team,Admin,mOj4IptC$&
483,Yolanda Woods,michaelsanchez@example.org,IT,Dragon Team,Admin,%xnpfUcR4q
484,Debbie Knight,kimberly74@example.net,Engineering,Tiger Team,Admin,*7KqcIXy_E
485,Patrick Allen,phillipreid@example.com,Marketing,Omega Team,Admin,eyxX6z*m#1
486,Robert Harris,agomez@example.org,Human Resources,Alpha Team,User,3hCg*8Nw&a
487,Mrs. Andrea Thompson,alvarezregina@example.net,Human Resources,Rhino Team,User,d$^T33Kx40
488,Dr. Brandon Medina,shodges@example.net,Human Resources,Delta Team,Admin,832%E$ov$n
489,Jacob Torres,stephanierosales@example.org,Human Resources,Shark Team,User,Ar01KT$TN(
490,Tiffany Payne,kristinagreen@example.com,Marketing,Omega Team,Admin,%t4UvmNuk+
491,Kenneth Rodriguez,mcdanieljanet@example.com,Product Development,Lion Team,Admin,oyZ@*4Gc!F
492,Christopher Rollins,martinshelly@example.org,Product Development,Falcon Team,Admin,+Pg50ZGig2
493,Kevin Hansen,michelle31@example.net,Operations,Dragon Team,Admin,&q4E%CNd+0
494,Kelsey Morgan,oconnelltrevor@example.org,Legal,Eagle Team,Admin,%B(DF1#dy9
495,Brian Montgomery,leonardjason@example.org,Customer Support,Hawk Team,User,O!HGD9GpGd
496,Laura Rodriguez,jacobgraves@example.net,Engineering,Omega Team,Admin,)^03VdwnJX
497,Debra Wright,austin82@example.org,Legal,Falcon Team,User,!i7s%VpWTz
498,Anthony Harris,rodriguezalexander@example.net,Product Development,Phoenix Team,User,8s31TU#e%#
499,Julie Gutierrez,troy09@example.net,Marketing,Shark Team,User,!3WCCT*2aB
500,Patty Fowler,thomasortega@example.net,Sales,Sigma Team,User,CeS8gBfWT&
501,Sarah Bird,irobinson@example.org,Legal,Phoenix Team,Admin,oIlSpm)i)5
502,Alicia Gilbert,ashley27@example.org,Product Development,Zeta Team,User,9mTSP1E$m%
503,Cynthia Moore,brandon89@example.org,Product Development,Eagle Team,Admin,_9IMG6BBjd
504,Jessica Castaneda,gwalton@example.org,Finance,Gamma Team,User,B4p2JUcd$i
505,Brandon Edwards,hallbilly@example.net,Legal,Lion Team,User,$5WiFAUd9k
506,Spencer Wheeler,sandra76@example.org,Operations,Falcon Team,User,lYeN#5r#s)
507,Crystal Stone,browningwilliam@example.net,IT,Theta Team,Admin,K0^6$QhtU9
508,Patricia Johnson,ryan43@example.net,Legal,Lion Team,User,yu&T7W9maN
509,Katie Campos,ymiller@example.com,Legal,Epsilon Team,Admin,)3^A!vfCEf
510,Shirley Glass,smithrobert@example.net,Marketing,Shark Team,User,_O4RBrhz64
511,Roy Wilkerson,ymercado@example.org,Marketing,Wolf Team,Admin,)2vGMLpCZn
512,John Perkins,beckcody@example.com,Customer Support,Theta Team,Admin,nsLq5@Ty_5
513,Alejandra Johnston,nathan65@example.net,Engineering,Lion Team,User,n$@189Io1j
514,Michael Newman,perkinskelly@example.org,Sales,Dragon Team,User,%DLkH*z7a3
515,John Hunt,heatherjensen@example.net,Legal,Theta Team,User,#xcKoX6d!7
516,Jennifer Larson,greenemary@example.org,Product Development,Eagle Team,Admin,*0GRHJyf3o
517,Erica Pierce,joshuataylor@example.net,Legal,Sigma Team,User,lh8oBEu8B%
518,Andre Schneider,wrivas@example.net,Customer Support,Dragon Team,Admin,+*zR8Gy%08
519,Eric Walker,wilsonnathaniel@example.org,Customer Support,Omega Team,Admin,A(M9s!An@N
520,Jeffrey Schmitt,bookeranthony@example.com,Operations,Theta Team,Admin,Aez_8Wf8V_
521,Thomas Greene,weaverrita@example.com,Customer Support,Phoenix Team,Admin,4$i81L%o*W
522,Kevin Oliver,russellzuniga@example.com,IT,Sigma Team,Admin,WF#11D_g3Y
523,Gina Pierce,lthomas@example.com,Human Resources,Theta Team,User,6&QFLM#t)1
524,Lori Kelley,laura67@example.com,IT,Zeta Team,Admin,TJv5Cwdjn@
525,Charles White,rickgarza@example.org,Operations,Gamma Team,User,@T)9RjoQL$
526,Brandon Parker,edwardsedward@example.net,Human Resources,Phoenix Team,Admin,$WGQBGohy1
527,Kathleen Rodriguez,amanda27@example.com,Sales,Tiger Team,Admin,_aL%bV%e78
528,Alexander Raymond,jonathanday@example.org,Customer Support,Lambda Team,User,h6ShhL7q^k
529,Mr. Richard Hill,christina27@example.net,Marketing,Epsilon Team,Admin,*Fo#1PYms7
530,Harold Miller,nkennedy@example.org,Finance,Theta Team,Admin,ayWj2IOb#3
531,Sarah Dalton,rogerskelly@example.net,Product Development,Phoenix Team,Admin,0s4GU$S+)A
532,William King,bryanhughes@example.com,Finance,Rhino Team,Admin,Y2O%Ui^y#G
533,Robert Hawkins,mholmes@example.net,Sales,Delta Team,Admin,$57T2dkRI0
534,George Kelly,qsmith@example.com,Human Resources,Hawk Team,User,)vB6hPSyM4
535,Christopher Simmons,joshuadonaldson@example.net,Human Resources,Eagle Team,User,7+2Jftlt%f
536,Mary West,rodriguezerin@example.com,Sales,Wolf Team,Admin,^t4nbUZgxh
537,Kimberly Webb,ftaylor@example.net,Marketing,Hawk Team,Admin,k5KZg+(J%2
538,Jessica Baxter,erica46@example.net,Product Development,Beta Team,Admin,XaIv6S8r*%
539,Ronald Jones,darius49@example.org,Finance,Shark Team,Admin,CWb8YONmk_
540,Andrew Foster MD,yvonneallen@example.com,Customer Support,Theta Team,Admin,KJU_v9Qbs^
541,Faith Cook,jenny03@example.com,Marketing,Hawk Team,Admin,5!%LR2KvlI
542,Michelle Jones,michaelwilliams@example.net,Operations,Falcon Team,Admin,*eb67+n%5P
543,Shane Duran,waustin@example.com,Sales,Theta Team,User,A$8e8E&w2t
544,Melissa Cox,cabreraamy@example.org,Marketing,Zeta Team,User,&78#7TokGk
545,Kelly Dunn,mejiajack@example.org,Product Development,Delta Team,Admin,G(2#9Uv_oH
546,Thomas Brown,christinejordan@example.net,Human Resources,Beta Team,User,PvD+5ZKn3n
547,Sara Davidson,bobby27@example.net,Product Development,Eagle Team,User,51nHvNoD+r
548,Jesus Butler,charlestaylor@example.com,Marketing,Eagle Team,User,B2eUTjc($!
549,Tyler Sanders,moraleschristy@example.net,Legal,Wolf Team,User,z+2!wKZw5p
550,Victor Curry,carriewoods@example.com,Finance,Dragon Team,Admin,2rf!3hIs!+
551,Nicole Wong,dstewart@example.org,Engineering,Gamma Team,Admin,!Y0OYfnn2^
552,Shannon Rodriguez,daniel42@example.com,Human Resources,Alpha Team,User,8@H6pK+6)0
553,Donald Smith,earmstrong@example.net,IT,Rhino Team,User,i5Tz0QNZ(Q
554,Brett Galvan,bberry@example.net,Marketing,Zeta Team,Admin,sJ0X*8Uij+
555,Megan Garcia,simpsonandrew@example.org,Product Development,Shark Team,User,5tVggEB3)V
556,David Rogers,brandy92@example.org,Sales,Alpha Team,Admin,^0vJ^MuqAF
557,Caleb Wilson,timothy66@example.net,Finance,Falcon Team,Admin,^#i91S#bS#
558,Samantha Brewer,ykerr@example.com,Sales,Theta Team,User,$oBbDf#$7k
559,Debra Hanson,natalie45@example.org,Customer Support,Zeta Team,Admin,!V9!GkA&(*
560,Frances Potter,mario03@example.com,Customer Support,Phoenix Team,User,c&sp(9Ppg+
561,Wendy Braun,gonzalezdawn@example.net,Sales,Epsilon Team,Admin,#K6KMmQaww
562,Christina Sanchez,jimenezsamantha@example.org,Finance,Alpha Team,Admin,_9KBj2k8Nc
563,Thomas Olsen,fmiller@example.org,Finance,Wolf Team,User,o4*%DlR3&a
564,Samantha Tanner,caseyelizabeth@example.org,Human Resources,Sigma Team,Admin,27C&IriL#^
565,Andrew Lewis,myoung@example.org,Sales,Epsilon Team,User,#FPEcN$h)1
566,Jose Cox,reginaldcarter@example.net,IT,Hawk Team,User,Q5N(04LkbX
567,Stacy Perry,markpalmer@example.net,Customer Support,Falcon Team,Admin,)y4KsfhJ7#
568,Leslie Singh,bradfowler@example.net,Product Development,Falcon Team,User,)6BKNr0h9W
569,Stacy Hines,wkidd@example.org,Sales,Zeta Team,Admin,@oJ2x0Ra6V
570,Jasmine Davis,richardavila@example.com,Legal,Falcon Team,Admin,MuUmOEhG)1
571,Jared Lewis,carrierobinson@example.org,Human Resources,Delta Team,Admin,Iu)277Wgq_
572,Michael Simon,emoran@example.org,Engineering,Delta Team,User,dLF0CiXx!j
573,Rebecca Bean,lewislinda@example.org,Customer Support,Alpha Team,User,VM*TKNc(%7
574,Brandon White,jacobgomez@example.org,Customer Support,Phoenix Team,User,_1Un8S5zU2
575,Isabel Beck,dobrien@example.org,Legal,Delta Team,User,7@oE2Btj&b
576,Melissa Barajas,katherinehansen@example.org,Legal,Delta Team,Admin,Q7pU#x3S%t
577,Andrew Townsend,alyssabuckley@example.com,Marketing,Omega Team,Admin,#H4DEkmp^X
578,Robert Coleman,christopher39@example.net,Finance,Omega Team,Admin,O@635fda8J
579,Mary Torres,jeffrey95@example.org,Customer Support,Tiger Team,Admin,24Nz4g5E^6
580,Richard Sanders,yhuff@example.org,Product Development,Eagle Team,User,PgF)+LlP*7
581,Brianna Sawyer,shirleyhouse@example.net,Product Development,Alpha Team,User,#34(*Jyn3+
582,Elizabeth Morrison,cookmatthew@example.net,Customer Support,Zeta Team,User,*xV5pqJf$)
583,Michael Johnson,bondcasey@example.net,Legal,Eagle Team,Admin,&$(KmVnn*2
584,Jacqueline Reid,zandersen@example.org,Engineering,Wolf Team,User,s7PVI&YZ@v
585,Angela Duncan,ronnie76@example.net,Legal,Tiger Team,User,#Hct2fHi$Y
586,Luke Meyer,michaelbrown@example.net,Legal,Delta Team,User,y^I2DFv*&C
587,Anthony Long,thomashughes@example.net,Operations,Rhino Team,User,aK_9Jfv8z+
588,Adam Bender,lawrencejames@example.com,Customer Support,Sigma Team,Admin,b8+Ml4a)@(
589,Jenny Bishop,jennifer81@example.com,Customer Support,Lion Team,User,@muIjmXMZ1
590,Alicia Underwood,cassiefry@example.com,Human Resources,Delta Team,Admin,##9rCz^b2#
591,Michelle Robertson,gknight@example.net,Marketing,Lion Team,Admin,(pE)sLBf1@
592,David Perez,cadams@example.org,Engineering,Omega Team,User,xn5l1Ury)U
593,Amy Barber,michaelcervantes@example.net,Operations,Beta Team,Admin,bY3VM+xUM_
594,Emily Jones,johnnywilliams@example.net,Marketing,Shark Team,Admin,lu^%A9VzLl
595,Victoria Smith,lindsey00@example.org,Engineering,Hawk Team,Admin,#YSoQvgf41
596,Anthony Harris,sheppardtravis@example.net,Legal,Falcon Team,Admin,8!Y*BeeB*o
597,Bonnie Brown,christopher59@example.org,Product Development,Beta Team,User,87VmmA$R(w
598,Scott Mitchell,icox@example.com,Marketing,Lion Team,User,$@*4@4Xg@t
599,Monica Leach,connor72@example.net,Operations,Sigma Team,Admin,920PtV%P%l
600,Cathy Maldonado,johnsonrachel@example.org,Human Resources,Zeta Team,User,#Z9kU^azb0
601,Katherine Anthony,thomasannette@example.org,Engineering,Tiger Team,Admin,e4IrJROG(a
602,Brandon Norris,james68@example.net,Sales,Alpha Team,User,RWI^5wEtcX
603,Daniel Reynolds,graveskimberly@example.org,IT,Falcon Team,Admin,Yw4SXKmec#
604,Thomas Henderson,ewalsh@example.org,Engineering,Phoenix Team,Admin,hflQX9Lb!@
605,William Benson,robert06@example.org,Engineering,Theta Team,Admin,LJeAz@hf+4
606,Brian Glover,pattersonrobert@example.org,Sales,Epsilon Team,Admin,eU_8H1bN4V
607,Kelly Holmes,ojohnson@example.org,Human Resources,Hawk Team,Admin,J7CBuUy8&0
608,Mario White,martinbenjamin@example.org,IT,Shark Team,User,Ea&^3KifdU
609,Daniel Miranda,ysmith@example.com,Product Development,Zeta Team,Admin,$6Zv3SgiJn
610,Henry Lopez,rhondalutz@example.org,Engineering,Beta Team,Admin,Y$7fP3YfSu
611,Tammy Soto,foxdaniel@example.com,Finance,Epsilon Team,User,ei4G&fbC+q
612,Noah Lopez,cheryl65@example.net,Finance,Phoenix Team,Admin,^Ff7Zuc7nz
613,Andrew Schmidt,storres@example.com,Operations,Rhino Team,User,@*kI7Vh@r*
614,Alejandra Archer,holly89@example.net,Legal,Rhino Team,User,8pP)m%g_)$
615,Laura Green,bentleymichael@example.org,Sales,Gamma Team,User,gz#n5Vy9Oc
616,William Hunt,wvargas@example.com,Marketing,Lambda Team,Admin,NvGIgLc9$4
617,Melanie Roth,cthompson@example.net,Finance,Shark Team,User,h9PbjuGp)s
618,Jean Santos,belljanet@example.org,Customer Support,Delta Team,User,Hr1OQrrD@U
619,Vanessa Sexton DDS,greg45@example.net,Finance,Falcon Team,User,a5uzD4Jn%9
620,Keith Alvarez,lauren55@example.com,Finance,Phoenix Team,Admin,YXLJM59q%7
621,Justin Woodward,kevin58@example.net,Legal,Hawk Team,User,u)TUb7Tcg9
622,David Cook,zbeasley@example.org,IT,Theta Team,Admin,@@LT!xJg1Y
623,Sylvia Clements,xsantana@example.com,Sales,Sigma Team,User,pdGTuLhW&7
624,Mary Conner,brenda81@example.com,Sales,Lambda Team,User,@&U@0B2pq%
625,Brian Brown,alanrodriguez@example.net,IT,Epsilon Team,Admin,^1ZdrFWymZ
626,Nancy Peterson,zramos@example.net,Engineering,Theta Team,Admin,w@3Nljl_pr
627,Karen Craig,dedwards@example.net,IT,Omega Team,User,_!p381Kw1!
628,Ryan White,kathleen15@example.com,Engineering,Shark Team,Admin,4WGxG^6d_Q
629,Destiny Ritter,lauren47@example.org,Customer Support,Tiger Team,User,)hZGYppi4m
630,Richard Watkins,mathewaguilar@example.com,Legal,Alpha Team,Admin,7m7VQtcp#f
631,Kathy Anderson,danagonzalez@example.com,Legal,Tiger Team,User,()6ESPYeS_
632,Jim Woods,myerstamara@example.com,IT,Falcon Team,User,k5wE32u4_M
633,Craig Snyder,timothy88@example.net,Customer Support,Delta Team,Admin,(M9aJL7ni*
634,Lori Ward,thomasmark@example.com,Legal,Delta Team,Admin,@^8Xi2kUuw
635,James Lambert,kelseywells@example.net,IT,Zeta Team,User,JHQ2XYp&*4
636,Lauren Rodriguez,cabreraandrew@example.org,Marketing,Beta Team,Admin,Ziz)8Dx!n_
637,Nicole Johnston,goodtracy@example.net,IT,Tiger Team,User,_6N6jR@qSP
638,Mitchell Adams,andersoncrystal@example.net,IT,Lambda Team,Admin,&9*@SucdaO
639,Jason Mcguire,bellis@example.org,Engineering,Dragon Team,User,+*7VAA_qT(
640,Diane Salazar,arthur37@example.com,Customer Support,Tiger Team,User,$p1JV(nkeU
641,Bryan Hunter,rodriguezcharles@example.org,IT,Falcon Team,User,u^13H1!Y4x
642,Michelle Roberts,kathy79@example.org,Engineering,Omega Team,User,O*CRS(dh+4
643,Stanley Mueller,jcuevas@example.net,Human Resources,Theta Team,User,984EL%cG@8
644,Jamie Moore,schmittpamela@example.org,Product Development,Alpha Team,Admin,c#@&9Tlq&B
645,Kathleen Garcia,barbarasmith@example.net,Product Development,Theta Team,Admin,0kh1V0cP7$
646,Billy Garcia,paulrodriguez@example.com,Finance,Delta Team,User,$W&R3AHl7e
647,Laura Johns,christopherhobbs@example.net,Engineering,Falcon Team,User,lY(#C9OczR
648,Victoria Rhodes,karenevans@example.com,IT,Rhino Team,Admin,bt5qVNmsl*
649,Christine Johnson,nbrown@example.net,Marketing,Alpha Team,User,E2D0_FCX)p
650,Joseph Garner,harold08@example.com,Customer Support,Rhino Team,User,%PRtvy#M)4
651,Nicholas Mendez,kristensmith@example.org,Marketing,Theta Team,User,$5!K(fNV&P
652,Megan Walker,rebeccamartinez@example.org,Legal,Beta Team,User,2_7cUZcn+w
653,Brittany Morrison,sdavis@example.com,Product Development,Shark Team,Admin,+V3AD^pPlN
654,Randy Dixon,evanskaren@example.net,Sales,Theta Team,User,*s6*XERhR*
655,Tyler Ramirez,jody00@example.net,Product Development,Dragon Team,Admin,J1(&9M4pQF
656,Keith Wilson,andersontimothy@example.org,Legal,Falcon Team,User,!2Pz#!sMeT
657,Tammy Henderson,youngjoseph@example.com,Engineering,Sigma Team,Admin,NO1*+VcAG(
658,Margaret Clark,molinarachel@example.net,Engineering,Phoenix Team,Admin,WNEe3BHN+8
659,Nicholas Evans,rwashington@example.net,Finance,Delta Team,User,%83Ti&q3Vu
660,Faith Potter,collinskathy@example.com,Legal,Zeta Team,User,)*4GKgCqTB
661,Cameron Ward,robertmitchell@example.com,Marketing,Sigma Team,Admin,Zq3XfL&*S&
662,Paul Hicks,kevin62@example.com,Marketing,Beta Team,Admin,*f9CtFy!T9
663,Pamela Garcia,gracepearson@example.com,Product Development,Wolf Team,Admin,W47!M2cE$2
664,James Webster,charles17@example.com,Legal,Alpha Team,Admin,zx#p5V0q48
665,Lance Campbell,jamiecardenas@example.net,Human Resources,Theta Team,Admin,u)TX7R3lyK
666,William Pitts,qwhite@example.org,Customer Support,Eagle Team,User,%5^6%WnUlU
667,Robert Hunter,kathleen62@example.org,Product Development,Omega Team,User,7376*KBa@p
668,Jonathan Roberts,rickeyglenn@example.com,Human Resources,Delta Team,User,2VzJZpbI_C
669,Michael Brewer,garciajason@example.com,Finance,Phoenix Team,Admin,u!71T9j9cO
670,Keith Wagner,jeremy95@example.org,Operations,Wolf Team,Admin,BKFefo70_9
671,Kayla Franklin,irwinandrew@example.net,Human Resources,Falcon Team,User,kNo%D9YrnY
672,Joshua Santiago,ywilson@example.org,Operations,Falcon Team,Admin,O)9XkWO$+6
673,Jennifer Collier,johnrios@example.com,Legal,Theta Team,Admin,kfy#%3JdYR
674,Timothy Johnson,lorijohnson@example.com,Operations,Zeta Team,Admin,(pVq@XLF*5
675,Jennifer Watson,christy31@example.org,IT,Lambda Team,User,#*%8mBzjiW
676,Rachel Clark,benjaminrogers@example.net,Sales,Lambda Team,Admin,Gi)6Pxuof!
677,Shane Willis,patelpamela@example.org,Legal,Falcon Team,Admin,$+%@8_qvhW
678,Charles Williams,sthompson@example.net,Marketing,Zeta Team,User,chNgy6Pw#^
679,Joseph Fowler,aaron90@example.com,Finance,Omega Team,Admin,2j1%GJek)r
680,Kristen Nelson,jacksonjesse@example.net,IT,Lambda Team,Admin,6%g0qF4l9%
681,Anita Wright,lesliewright@example.net,Sales,Wolf Team,User,!R9kN3gtCp
682,Michael Stephens,conleyhayley@example.net,Sales,Dragon Team,Admin,KpEndJo!)1
683,Emily Ward,lyates@example.org,IT,Theta Team,Admin,#2qJ0u@h8X
684,Megan Bell,jasonbrown@example.net,Human Resources,Delta Team,User,pCJ9bUHL#9
685,Brian Carr,jasminerobinson@example.com,Product Development,Tiger Team,User,P9(HqgDi+6
686,James Miller,larrylane@example.com,Engineering,Beta Team,User,tTAhd6sI@3
687,Shawn Hill,christywilliams@example.net,Product Development,Zeta Team,Admin,$UF%3Ddnr+
688,Lauren Alvarez,pgonzalez@example.net,Human Resources,Theta Team,User,tDO70o56#9
689,April Kim,glopez@example.com,Finance,Epsilon Team,Admin,Ge!6Qbcofy
690,Trevor Harris,rcollins@example.com,Legal,Alpha Team,User,z2_5HJzsu$
691,Jeffrey King,lyonssamantha@example.net,Human Resources,Tiger Team,Admin,KnN6!TDv_m
692,Renee Holmes,jenniferchavez@example.org,IT,Tiger Team,User,$&34QzsbaV
693,Anita Sandoval,martinezkara@example.org,Sales,Epsilon Team,Admin,)aTBa5p!g4
694,Crystal Gonzales,tmurray@example.net,Legal,Sigma Team,User,D$#8Vys9G@
695,William Johnson,qcoleman@example.com,Finance,Delta Team,Admin,#lYMNOaD98
696,Susan Rivas,ihoffman@example.com,Finance,Epsilon Team,User,Kv&7eR@t!9
697,Elizabeth Marks,wardtiffany@example.net,Human Resources,Theta Team,Admin,ixq5gEBbY_
698,Karen Greene,sarahmorgan@example.net,Finance,Gamma Team,User,(Q8(l5cp6)
699,George Bush,combsmorgan@example.org,Engineering,Tiger Team,Admin,$ANTtk4y20
700,Heather Sawyer,yrollins@example.org,Legal,Theta Team,User,&7ebX1iy(1
701,Adam Garza,hwebb@example.com,Legal,Lion Team,Admin,@GDBjZvfx5
702,Gina King,garywebb@example.net,Sales,Alpha Team,Admin,8fHUEwkk@s
703,Erica Bell,egarcia@example.net,Legal,Dragon Team,User,#7Ko8kKC&&
704,Connie Morris,hansoncharles@example.com,Engineering,Beta Team,Admin,24hj*eNf!m
705,Kim Ramirez,ajones@example.org,Customer Support,Falcon Team,Admin,^bYND(mD#7
706,Jennifer Adams,gkoch@example.net,Sales,Eagle Team,User,!4qzTnZ2*e
707,Emily Ryan,julia51@example.com,Sales,Gamma Team,User,RrR81Gwe^9
708,Amber Hughes,hflores@example.com,Customer Support,Alpha Team,Admin,!eS6DKi7hW
709,Sarah Jackson,james34@example.com,Finance,Tiger Team,Admin,qQH3*QQy)5
710,Scott Le,lweeks@example.org,Sales,Eagle Team,Admin,k2@1RKHs@u
711,Rebecca Miller,bobbydavis@example.org,Legal,Sigma Team,User,&&ASmzJWH2
712,Kristen Gilbert MD,vsmith@example.com,Operations,Omega Team,User,%cD9Cgc%x3
713,Gene Richardson,codymcintyre@example.net,IT,Rhino Team,Admin,2yNrmVvO@1
714,Kevin Wagner,palmercraig@example.org,Product Development,Phoenix Team,Admin,P)R86Eb0dg
715,Courtney Clayton,schultzfrancisco@example.com,Operations,Lambda Team,Admin,N2RkSLFgR_
716,Samantha Smith,jennifer05@example.net,Customer Support,Omega Team,User,(8!oFBu_(9
717,Dawn Burgess,lichristine@example.net,Customer Support,Alpha Team,User,)822B@_csU
718,Shawn Cortez,courtney08@example.org,Customer Support,Shark Team,Admin,!UPjZWtF03
719,Justin Smith,walteremily@example.org,Operations,Zeta Team,User,G#!R9JlEc8
720,Nicole Barnes,jacksonshannon@example.com,Customer Support,Sigma Team,Admin,(5BlTulq@U
721,Danny Lewis,pkline@example.net,Product Development,Phoenix Team,User,#9IvE@oWJ2
722,Jennifer Martinez,rosariojason@example.org,Product Development,Alpha Team,Admin,TQTU6Qea%4
723,Shannon Chandler,watsonchristopher@example.net,Legal,Shark Team,User,#0CsafUwdR
724,James Fields,hernandezmarcus@example.net,IT,Alpha Team,User,xIzBA&no)2
725,Amy Jones,cynthiawilliams@example.org,Operations,Lambda Team,User,C4Rq89il$@
726,Frank Miranda,bkent@example.com,Marketing,Alpha Team,Admin,+r3J6xizfA
727,Caitlyn Carrillo,jsmith@example.net,Customer Support,Omega Team,Admin,573cVSbI)F
728,Rachel Wong,rbrown@example.com,Product Development,Falcon Team,Admin,(KbQCymZ@3
729,Alisha Manning,timothylee@example.com,Legal,Lion Team,Admin,7EChu1*l!1
730,Kelly Taylor,pamela23@example.org,Finance,Falcon Team,Admin,WDMo1SVl!7
731,Jason Henry,harrisalexander@example.com,IT,Rhino Team,User,(SGLXXRm&3
732,Christine Ford,qjones@example.com,Finance,Lambda Team,Admin,7d*jH@5d+5
733,Joshua Turner,brandon50@example.com,Operations,Zeta Team,Admin,x(34wEtznc
734,Kendra Garcia,melanieharvey@example.net,Sales,Shark Team,User,1xYYlwej&1
735,Debra Mcclain,elizabeth55@example.net,Sales,Omega Team,User,$77KqEPirP
736,Benjamin Scott,rebeccagarrett@example.org,Legal,Omega Team,User,Rr3Uos302&
737,Mrs. Jessica Smith,beckeranna@example.com,Human Resources,Eagle Team,Admin,@t5BM9mjcC
738,Michael Walls,smithamber@example.com,Legal,Hawk Team,User,&W1G@n)CzI
739,Jennifer Beck,timothy18@example.com,Human Resources,Eagle Team,User,&5K%HIw2wX
740,Charles Charles,nicholas67@example.net,Engineering,Lambda Team,User,_@Ch^vJHe3
741,Arthur Preston,kyle54@example.net,Legal,Omega Team,Admin,x%w6GHyZk_
742,Darrell Wallace,trichards@example.com,Customer Support,Theta Team,Admin,#bzW*5Zhx*
743,Brittany Thompson,williamchandler@example.net,Sales,Tiger Team,Admin,wtNQHT6b%5
744,Megan Zimmerman,thomasmichelle@example.org,Product Development,Phoenix Team,Admin,z^8de9Tk8(
745,William Spencer,cookjerry@example.org,Operations,Wolf Team,User,+4WdOpf@*!
746,James Garner,morrissarah@example.net,Engineering,Hawk Team,Admin,myZ6*OYai$
747,Erin Hart,inelson@example.org,Operations,Eagle Team,User,1D%bGVhT_t
748,Steve Hernandez,phillip06@example.org,Product Development,Dragon Team,Admin,inj78M7_%2
749,Tiffany Holt,elizabethjohnson@example.org,Product Development,Hawk Team,User,(3PzS9Ea0O
750,Gerald Thompson,lisa49@example.net,Operations,Beta Team,User,1o5kbtQi(s
751,Michael Figueroa,erin95@example.org,Human Resources,Eagle Team,Admin,91^NdWO6#x
752,Larry Franklin,barbaramay@example.net,Customer Support,Shark Team,User,URkJBh(C^6
753,David Chambers,carrillomorgan@example.com,IT,Tiger Team,Admin,(w#0F!oW_8
754,Maurice Gomez,walshsharon@example.net,Product Development,Omega Team,User,^&)14nJsQ9
755,Juan Carter,aguilarangela@example.org,Legal,Epsilon Team,Admin,Y&is9TKzB&
756,Eric Anderson,wagneredward@example.net,IT,Phoenix Team,User,h5b!0UGp*#
757,Jose Salas,gabriel84@example.com,Product Development,Hawk Team,User,^gOO5Hku9e
758,Samuel Potter,qkhan@example.net,Marketing,Wolf Team,Admin,nL8PTbElf(
759,Lisa Martinez,bellhunter@example.net,Operations,Delta Team,User,#Fi3J2qgA)
760,Cynthia Gomez,mporter@example.net,Customer Support,Delta Team,Admin,%ZTEIwprV8
761,Robert Price,amandacameron@example.net,Operations,Wolf Team,Admin,q$9dJgsYXX
762,Michaela Jones,bsmith@example.net,Human Resources,Eagle Team,User,$lKNL*a*52
763,Andrew Chase,gamblekenneth@example.com,Operations,Wolf Team,User,6!5GB#czPB
764,Shawn Miranda,whiteaustin@example.com,Finance,Eagle Team,User,X4vh*Ozx%M
765,John Wood,manuel97@example.net,Marketing,Gamma Team,User,)09&95Cp1C
766,Alicia Garcia,kimberlywatson@example.org,Product Development,Beta Team,Admin,%g2IIou(O8
767,Timothy Garcia,fwong@example.org,Customer Support,Gamma Team,Admin,W)B0SkXipR
768,Jeffrey Rollins,kenglish@example.net,Human Resources,Hawk Team,User,$krDs9Dgd9
769,James Contreras,guerrerojames@example.com,IT,Beta Team,Admin,(Z5MZRyVTS
770,James Ross,wagnerdarrell@example.org,Engineering,Shark Team,User,r4FdLAuT_!
771,Richard Jones,tiffany18@example.com,Engineering,Rhino Team,Admin,+dH#&OFsb9
772,Amy Hicks,christine13@example.org,Product Development,Beta Team,Admin,!wDWZQiPp1
773,Scott Nicholson,michele83@example.net,Legal,Hawk Team,User,i4HW*H8z@F
774,Katherine House,jennifer22@example.net,Finance,Hawk Team,Admin,HV6Mae5#$Z
775,Casey Moody,ljordan@example.com,Human Resources,Theta Team,User,(9Ut1qHi@1
776,Mark Wilson,lreid@example.net,Finance,Rhino Team,User,h0^XzNrq#F
777,Misty Davis,courtneysimmons@example.net,Product Development,Shark Team,Admin,DF$2Bk!hAZ
778,Mrs. Kaitlyn Hardin,yvettearroyo@example.com,Sales,Zeta Team,Admin,#(0ffAogZL
779,Jose Kelley,jamesshelby@example.org,Marketing,Phoenix Team,Admin,b2fJtteI^i
780,Brian Jackson,teresa32@example.net,Marketing,Eagle Team,User,H%fkg3HdGJ
781,Denise Davis,zhale@example.com,Customer Support,Sigma Team,User,K$7YXbnj@^
782,Michael Smith,rjohnston@example.net,Legal,Epsilon Team,Admin,+F6HvRQs_9
783,Andrew Koch,amandaanderson@example.org,Product Development,Theta Team,User,xVZ#G4wZ_0
784,Jaime Alexander,danielle69@example.org,Sales,Epsilon Team,Admin,E@$_9eVapz
785,Donna Long,acostasarah@example.net,Engineering,Falcon Team,Admin,55Ze%&l&%6
786,David Wiggins,wgray@example.com,Operations,Falcon Team,User,U4^nJxEL+o
787,Anthony Willis,ortizchristina@example.org,Customer Support,Falcon Team,Admin,!&OUIo&R7q
788,Andrew Marsh,aliciabridges@example.net,Human Resources,Phoenix Team,Admin,(6Z_Lgu0+4
789,Robert Mayo,carrolljennifer@example.com,Marketing,Sigma Team,Admin,3txk5Ti^!%
790,Jennifer Galloway,reginaweber@example.net,Customer Support,Zeta Team,Admin,K^3IWIgo_1
791,Jeremy Jordan,beckkyle@example.com,Finance,Omega Team,User,&F7AbtR+vE
792,Debra Fox,robert80@example.net,Human Resources,Wolf Team,Admin,&r8OBr1Coj
793,Patricia Cabrera,smithjennifer@example.org,Engineering,Beta Team,User,Dq0@KqTuB&
794,Cynthia Sharp,ilopez@example.com,Product Development,Shark Team,User,_Zn95)wBZ%
795,Barbara Cannon,tfernandez@example.org,IT,Delta Team,User,(w%K_z_dS0
796,Christopher Delacruz,hgonzalez@example.com,Finance,Shark Team,Admin,%j&2DqOfSN
797,William Ellis,benjamin79@example.com,Product Development,Lambda Team,Admin,j&c%1ZtPez
798,Lance Jones,tonya80@example.org,Operations,Rhino Team,User,nN1dfTHnZ@
799,Brian Lindsey,annmarquez@example.net,Human Resources,Shark Team,Admin,1)WmPkz6!1
800,Benjamin Gallagher,timothy41@example.org,Human Resources,Phoenix Team,User,M_$7gOti6j
801,Mason Trujillo,lindareynolds@example.com,Operations,Phoenix Team,Admin,(9inK(wXEs
802,Samantha Gibson,darlene85@example.org,Marketing,Rhino Team,User,(IhYeEm$58
803,Robert Hernandez,kaitlynbell@example.org,Operations,Sigma Team,User,08mcZ)mU!T
804,Danielle Wagner,meganorr@example.net,Operations,Omega Team,Admin,P+#5qZZaq)
805,Melissa Robertson,zacharyproctor@example.com,IT,Lion Team,Admin,^9Ls75!gPI
806,Allen Greene,dawnhernandez@example.com,Engineering,Wolf Team,Admin,_31C9BGe+c
807,Charles Lane,penahailey@example.net,Finance,Phoenix Team,Admin,wc_4R)o)Vl
808,Peter Smith,brownsamuel@example.net,Product Development,Tiger Team,Admin,E_6AC(dEpj
809,Kimberly Mcbride,thomas46@example.org,IT,Epsilon Team,User,54F5NZal&V
810,Judith Avila,breyes@example.org,Operations,Theta Team,User,qDR5bXyjV$
811,Christian Smith,alfred95@example.com,Engineering,Beta Team,User,%3UzECLkJM
812,Ariana Payne,gcook@example.org,Operations,Gamma Team,User,+23dF7tiV@
813,Alfred Williams,angela43@example.com,Sales,Phoenix Team,Admin,^9eI*VZu5p
814,Patrick Castaneda,ashley28@example.com,Product Development,Alpha Team,Admin,*$Y(LKua_1
815,Rebecca Rogers,joseph67@example.com,Product Development,Hawk Team,Admin,+kCdd8SmzG
816,Mark Riley,nguyendominic@example.org,IT,Alpha Team,Admin,%1&@AaXU%*
817,Chase Bennett DDS,huntermyers@example.org,IT,Phoenix Team,User,d)%X(5ZxD)
818,Crystal Cunningham,daniel34@example.com,Engineering,Zeta Team,User,U81OWtwQ^C
819,Jillian Flowers,brad81@example.org,Sales,Theta Team,User,SrX49kTJO%
820,Miss Tracy Swanson,billyhowell@example.com,Marketing,Theta Team,Admin,4miLB2ky^I
821,Shannon Leach,taralee@example.com,Legal,Lion Team,User,3eXNQx1u+5
822,Larry Richardson,bishopalexandra@example.net,IT,Gamma Team,Admin,O#uAUuaS@9
823,Lisa Villegas,sheila79@example.net,Operations,Theta Team,User,0+38#&UVXs
824,Brian Woods,xwarren@example.net,IT,Falcon Team,Admin,@MOeK0Z41s
825,David Padilla,asmith@example.com,Human Resources,Beta Team,User,5)9$WOg+Vw
826,Jennifer Johnson,kathryn73@example.net,Product Development,Phoenix Team,Admin,q_5*GPxC%^
827,Matthew Moore,alexgibson@example.net,Human Resources,Dragon Team,Admin,_UII#DJy3M
828,Karen Bowman,brad79@example.org,Finance,Sigma Team,Admin,%r%JIKHYm6
829,Ashley Chen,akoch@example.org,Customer Support,Beta Team,User,#xqEzrxx3s
830,Duane Perry,dmurphy@example.org,Finance,Delta Team,Admin,T@Nb0IAhR5
831,Zachary Allen,darlenejackson@example.org,Operations,Delta Team,User,Ow6EgOJ_Z*
832,Emily Campos,jessica66@example.com,Operations,Lion Team,User,bbx8U+wC#x
833,Nathan Brooks,khall@example.com,Product Development,Dragon Team,User,1wcI5Iic&w
834,Matthew Gonzalez,zhangpatricia@example.com,Human Resources,Dragon Team,Admin,@b@C4sHm_x
835,Miguel Vargas,josephjenkins@example.org,Human Resources,Hawk Team,User,$dA4&ryx*3
836,Patrick Cooper,vcruz@example.net,Legal,Theta Team,User,@y9HVXP^g3
837,Ariel Salazar,vcrawford@example.net,Engineering,Shark Team,User,rYK!7JSr0j
838,Alyssa Ross,tweber@example.com,Marketing,Omega Team,Admin,rLL!Dlzy#6
839,Hayley Welch,sross@example.net,IT,Beta Team,User,r_qR6dCmOG
840,Jessica Vazquez,leeabigail@example.org,Customer Support,Lambda Team,Admin,d22cHgvN+v
841,Christian Dalton,bakercarly@example.com,Human Resources,Epsilon Team,User,0X+(J2Ulb2
842,Mark Wells,bennettjustin@example.net,Finance,Falcon Team,Admin,UT4fDLPk$A
843,Ms. Wanda Thompson,uhammond@example.org,Human Resources,Sigma Team,User,*&7TiQ3N&*
844,Crystal Pierce,lfoley@example.org,Engineering,Beta Team,User,AY9TLHkr__
845,Jordan Thompson,hadams@example.com,Sales,Alpha Team,User,tD8t6PdoZ(
846,Sierra Robinson,cjenkins@example.net,Human Resources,Rhino Team,Admin,#w9%(uZv7T
847,Shane Collins,sara09@example.com,Sales,Gamma Team,Admin,s)Kp3JTgg3
848,Daniel Shah,elliottluke@example.org,Product Development,Eagle Team,User,86FyTg+Y^5
849,Ronald Hahn,richard74@example.com,Human Resources,Shark Team,Admin,PLk3hCYt+)
850,Samantha Parker,anna31@example.net,Engineering,Shark Team,User,eN6g2AsWX#
851,Vincent Hull,jason41@example.com,Marketing,Alpha Team,User,(#+7LVsdNJ
852,Christopher Sandoval,adam41@example.net,Engineering,Eagle Team,Admin,&6sE+1ZwaZ
853,Maria Williams,castillodillon@example.com,Sales,Dragon Team,User,)34uivSj*_
854,Kara Hanson,likimberly@example.org,Operations,Falcon Team,Admin,)17!GG0pLN
855,Leslie Lane,carlosprice@example.org,Engineering,Beta Team,Admin,K@&2p0Wah@
856,Linda Fitzgerald,jonesteresa@example.net,Customer Support,Phoenix Team,User,&8EWzP#rX2
857,William Carroll,jill01@example.org,Human Resources,Zeta Team,User,JU_7KVzry%
858,Robert Doyle,amygarrett@example.net,Customer Support,Gamma Team,User,)sP@f(SRB5
859,Kyle Williams,wrightrobert@example.com,Finance,Zeta Team,User,U3Nm+4l9+2
860,Jessica Martin,xkim@example.org,Engineering,Theta Team,User,88!1iWfu!m
861,Courtney Hayden,underwoodderek@example.org,Engineering,Delta Team,User,^49#ioXjx7
862,Jessica Beasley,hollowaycarla@example.net,Operations,Lion Team,User,(9uPBBY%8t
863,Sharon Baker,paulmacdonald@example.org,Finance,Lion Team,User,Ub2MW6wE^F
864,Haley Navarro,wcurry@example.com,Customer Support,Wolf Team,User,*8Q)M_Vhmp
865,Colin Cross,myang@example.com,Product Development,Eagle Team,User,waOqZA0h!2
866,Jeffrey Finley,annaduarte@example.net,IT,Shark Team,Admin,#pr4Q+2p)Q
867,Michael Summers,alexislopez@example.org,Product Development,Hawk Team,Admin,(_l6$MZE3a
868,Douglas Fisher,schwartzjacob@example.net,Operations,Alpha Team,Admin,v86O^)4#@!
869,Paula Ellis,woodtiffany@example.com,Operations,Falcon Team,User,x1LpcOaX#)
870,Heather Castro,anncook@example.com,Engineering,Shark Team,User,#5DXgw8qOF
871,Jason Paul,greg21@example.net,Human Resources,Tiger Team,User,y1Z!4X&t%F
872,Donald Hughes,popeholly@example.org,Engineering,Delta Team,User,8jPK0Jyk)t
873,Amanda Boyd,lydia84@example.com,Legal,Dragon Team,User,i&j2PTUapP
874,Samantha Ortiz,melody24@example.com,Marketing,Omega Team,User,$7Qsq)hti9
875,Stephanie Galvan,watsonrose@example.net,Customer Support,Phoenix Team,User,f)Q#s^VQ^2
876,Alan Wood,bvaughn@example.org,Human Resources,Delta Team,Admin,+&2Za21y@n
877,Wendy Schroeder,isnow@example.org,Sales,Falcon Team,Admin,(qkAGfQY&1
878,John Phillips,steven66@example.org,Human Resources,Zeta Team,Admin,$5v361Ur*#
879,Richard Burnett,ycarter@example.com,Finance,Shark Team,User,Y8rtXQt_+l
880,Craig Webster,rodriguezangela@example.net,Marketing,Falcon Team,Admin,**uD0*SuBd
881,Karl Powell,lesliecarlson@example.org,Customer Support,Beta Team,Admin,_@jKqv0q+7
882,Alyssa Powers,gaineschristopher@example.com,Finance,Falcon Team,Admin,o333jBPv#H
883,Mark Bradley,patricia35@example.com,Sales,Beta Team,Admin,Xqq23EJr(M
884,Paul Burton,crystaledwards@example.org,Engineering,Beta Team,Admin,S&357B6iPw
885,Joseph Maynard,hollypeterson@example.org,Sales,Alpha Team,Admin,%90L%Vzh2X
886,Patricia Short,barbaralee@example.org,Legal,Rhino Team,Admin,_g2GXwWuc9
887,Audrey Allen,reneejones@example.net,Marketing,Zeta Team,User,Rc25eHxQ!^
888,Jennifer Collins,jgilmore@example.org,Customer Support,Delta Team,User,BQLB8JFr!Z
889,Sarah Graham,rebeccareynolds@example.org,Operations,Wolf Team,Admin,*yr4StGs^0
890,Stephanie Jones,janderson@example.net,Marketing,Lambda Team,Admin,&22N653ixl
891,Cynthia Hoffman,megan85@example.org,Customer Support,Sigma Team,Admin,cv5FOEAn^y
892,Paul Short,piercedavid@example.org,Customer Support,Beta Team,User,*eo5PFaAmf
893,Courtney King,joseph97@example.com,Customer Support,Theta Team,Admin,gdE5Yhxv($
894,William Marshall,spencerkatie@example.org,Engineering,Epsilon Team,User,69%)lgMo$E
895,Matthew Day,taylorivan@example.org,Operations,Shark Team,Admin,_jR@JXaO48
896,Ashley Lee,ruizlisa@example.com,Product Development,Dragon Team,Admin,@InQVMhpx1
897,Toni Conley,deborahthomas@example.net,Sales,Theta Team,Admin,4FRY4lDj+K
898,Angel Harrison,grant77@example.net,Product Development,Epsilon Team,User,d!TQ72qmuY
899,Randy Rhodes,erica71@example.com,IT,Falcon Team,Admin,b89Oe@%K#%
900,Paul Martinez,susanwillis@example.org,Human Resources,Dragon Team,User,2L*BU%Xn+h
901,Spencer Eaton,jasonowens@example.net,Legal,Gamma Team,Admin,_87g(vJw1s
902,Aaron Mclaughlin,landrytiffany@example.net,Marketing,Lion Team,Admin,xy6DR)Qu%p
903,Alicia Freeman,tgray@example.org,Customer Support,Zeta Team,User,+08jXk&eXo
904,Rita Mann,joshuafoster@example.com,Product Development,Delta Team,Admin,oK12KAwjm^
905,Theresa Munoz,peter37@example.com,IT,Epsilon Team,User,3V_00Xac8J
906,Hunter Marks,varmstrong@example.net,Engineering,Delta Team,User,)DBud(d^6c
907,Mark Ellis,msweeney@example.com,Legal,Sigma Team,Admin,NTC5QTpOT)
908,Michael Boyd,dodsonkimberly@example.com,Legal,Epsilon Team,Admin,+7pIH1dJm%
909,Nathan Christensen,williammills@example.net,IT,Eagle Team,User,P$2O_unc^B
910,Jennifer Frazier,mike45@example.net,IT,Delta Team,User,J7BhXnFj*u
911,William Thomas,lisa17@example.net,Marketing,Falcon Team,Admin,bzcva4Q%E+
912,Diana Craig,tara08@example.net,Finance,Zeta Team,User,U@MSkqRc@3
913,Pamela Brown,marcoweiss@example.org,Marketing,Lion Team,User,#1S&Xb3*bD
914,Carl Thompson,marissacaldwell@example.net,Product Development,Lion Team,User,o$4E#3iaJn
915,Tracy Smith,scolon@example.net,Product Development,Beta Team,Admin,JoFLt))g$6
916,Patrick Payne,ewillis@example.org,Customer Support,Zeta Team,User,9YSarw3W$W
917,Carl Nichols,toddcynthia@example.net,Sales,Epsilon Team,User,v6GXC*jP%O
918,Connie Dillon,ericorozco@example.org,Legal,Lion Team,Admin,b_@10HplhE
919,Jonathan Sanchez,jacob42@example.org,Human Resources,Beta Team,Admin,g^NI4XNv&f
920,Daniel Munoz,kelsey76@example.net,Legal,Lambda Team,Admin,4q$4PP84P!
921,Alyssa Torres,eric32@example.org,Finance,Sigma Team,User,#RF$7Fcie_
922,Aaron Sims,bhogan@example.com,Sales,Lion Team,Admin,05mOZWSx%9
923,Stacey Mckee,fwilkerson@example.com,Operations,Alpha Team,User,wz&k3Ept+L
924,Mary Hardin,ycaldwell@example.com,Operations,Rhino Team,Admin,C!5&NcqEZ)
925,Rhonda Stevens,jonathanbennett@example.com,Finance,Theta Team,Admin,VH)(jhQg*9
926,Ashley Adams,john59@example.com,Operations,Gamma Team,User,m*Y$0Ok_K@
927,Richard Guerrero,kylepierce@example.org,Customer Support,Phoenix Team,Admin,804$bcKv$c
928,Leon Perez,qclark@example.com,Legal,Zeta Team,User,(JA0MqRoM1
929,Kelly Howard,vscott@example.com,Operations,Phoenix Team,User,z^C1KLdMW@
930,Anna Sharp,apena@example.com,Operations,Phoenix Team,User,23E%dSUo&g
931,Kenneth Gray,elizabethryan@example.net,Marketing,Lambda Team,User,(cnNZ20pb9
932,Cody Burton,lopezgary@example.net,Engineering,Lion Team,User,B0)WSSqv^+
933,Erin Mcneil,lauren40@example.org,Legal,Eagle Team,Admin,o+2eTUgfa$
934,Kelly Knight,riceantonio@example.org,Operations,Shark Team,User,I4*UOsn4)b
935,John Barnes,stevengonzalez@example.net,Operations,Hawk Team,Admin,c$7!LP3wn2
936,Tracy Hernandez,darius98@example.net,Human Resources,Rhino Team,Admin,Nh7qpOoDm^
937,Melissa Mullen,perkinsashley@example.com,Engineering,Lion Team,Admin,5eLdMxIo%E
938,Steven Jimenez,glenda53@example.org,Engineering,Shark Team,Admin,g46iJmEA)!
939,William Petty,qsutton@example.net,Customer Support,Rhino Team,Admin,(2IWh_WufL
940,Lauren King,thicks@example.org,Product Development,Gamma Team,Admin,Gv1Cbmo)t@
941,Audrey Cooley,shannontara@example.org,Product Development,Dragon Team,User,4!4dXdf5@2
942,Cindy Frederick,phelpsmatthew@example.com,Marketing,Tiger Team,User,x_e4B6vz+v
943,Andrew Callahan,frankcombs@example.org,Operations,Dragon Team,Admin,+xz1XBbGyA
944,Edward Benson,kennedyjose@example.org,Marketing,Alpha Team,Admin,(+Va1RiByA
945,Joel Myers,ramirezlisa@example.org,Operations,Eagle Team,User,I1f9h!Mi$R
946,Jessica Harris,victoriaavila@example.org,Human Resources,Lambda Team,User,J(Xx+BVt!3
947,Ryan Miller,melinda41@example.org,Operations,Wolf Team,User,XyAlK0am%1
948,Nicole Smith,mary95@example.com,Product Development,Gamma Team,Admin,)_P!JoVFX6
949,Zachary Williams,jon19@example.org,Customer Support,Hawk Team,User,!fZoNL^pm2
950,Lisa Thomas,cindy81@example.net,Legal,Delta Team,User,PI(F8PZc@^
951,Bryan Richards,paul09@example.org,IT,Beta Team,User,#bTb^Csx^4
952,Thomas Abbott,flowerskimberly@example.org,Sales,Wolf Team,User,p&4y2^Nbu$
953,Shawn Hernandez,nguyenemily@example.com,Product Development,Falcon Team,User,+7@6Jjnyau
954,Kevin Nichols,burnsbilly@example.org,Marketing,Hawk Team,User,_$uyHSjdX6
955,Jennifer Lin,xwalton@example.org,Operations,Alpha Team,User,Q!JqYKs3oS
956,Christina Johnson,colemanfrancis@example.net,Legal,Delta Team,User,5$&6MZbRJ5
957,Angela Moore,bishopjennifer@example.org,Engineering,Alpha Team,Admin,764aWXoNI!
958,Norman Harris,steven71@example.net,Engineering,Zeta Team,User,+kw3QvcMFZ
959,Christopher Simmons,jamesjackson@example.net,Engineering,Phoenix Team,User,TRA6mAKl^k
960,Barry Lewis,rodriguezdarrell@example.com,Legal,Phoenix Team,Admin,r4pG#i8T+j
961,Sergio Turner,christopher59@example.net,Finance,Rhino Team,User,dGAD^Yq8!2
962,William Perry,smithhunter@example.com,IT,Hawk Team,User,@AIRInnfr8
963,John Elliott,melanie50@example.net,Operations,Shark Team,User,_V&0E)Rtk2
964,Joshua Gibson,chris27@example.org,Legal,Beta Team,User,U!sG13Df@E
965,Heather Stewart,paul47@example.net,Operations,Shark Team,Admin,+lW(Q&Nm4H
966,Patricia Mcclain,leonphillips@example.com,Product Development,Omega Team,User,AI+9_GDfo$
967,Sarah Gonzalez,dixonabigail@example.com,Sales,Omega Team,User,6j2VKwwe+)
968,Briana Fuller,phanson@example.org,Sales,Eagle Team,User,@5$KPYfzL0
969,Karen Ramirez,parkerkatherine@example.net,Sales,Omega Team,User,C@!J3Ra#d$
970,Jeffrey Jenkins,faithmann@example.org,Product Development,Dragon Team,User,Q1C+IqCt^6
971,Stephen Perez,russellturner@example.net,Product Development,Shark Team,User,*l6@cFmtS1
972,Sara Garrett,yhernandez@example.org,Marketing,Omega Team,Admin,e%6WpqZ17z
973,Meghan Lamb,allison84@example.org,Product Development,Sigma Team,User,*OLgPePM0c
974,Jeremy Cain,matthew05@example.com,Human Resources,Epsilon Team,User,+3PfWUxNbG
975,Emily Velez,kristin20@example.com,Sales,Shark Team,Admin,blb__9Ui8R
976,Anthony West,santiagoduane@example.org,IT,Tiger Team,Admin,1hN9FwNm!F
977,Elaine Turner,butlerandrew@example.org,Human Resources,Theta Team,Admin,NO5&RcaJ^S
978,Thomas Coleman,ymccullough@example.com,Sales,Omega Team,User,!(bS48xk39
979,Michael Ortiz,stephaniewilson@example.com,Legal,Dragon Team,Admin,@0cHZrqUps
980,Jared Cook,tammykelly@example.org,Product Development,Dragon Team,User,Zt^5Ev^vP0
981,Dominic Ramos,amurray@example.org,Sales,Gamma Team,User,l#72DKoRST
982,Albert Andrade,eric17@example.org,Engineering,Lambda Team,Admin,XlgaR8OL!9
983,Michelle Campbell,wilsonlinda@example.org,Human Resources,Tiger Team,Admin,jd*2I@jfs)
984,David Williams,jennifer25@example.org,Product Development,Eagle Team,Admin,Qh5Dw3Iou(
985,Tara Smith,sandrareyes@example.com,Operations,Alpha Team,User,1+q44Xznzz
986,Monica Armstrong,rphillips@example.com,Legal,Theta Team,Admin,N2wDoAcd(d
987,Chris Gutierrez,sara63@example.net,Sales,Delta Team,Admin,@Z4Swfkc19
988,Ashley Woods,dawsoncassandra@example.net,Sales,Alpha Team,Admin,3b5HEdJD@W
989,David Rivera,qarnold@example.com,IT,Hawk Team,Admin,#oRmY7CzZp
990,Gabriel Warner,fullercarolyn@example.org,Finance,Omega Team,Admin,^17vYx5Hpg
991,Ryan Jackson,tmcdonald@example.org,Operations,Hawk Team,Admin,9&%H9P$u4L
992,Nicole Khan,vwilliams@example.com,Finance,Theta Team,Admin,)6OGIt0rVf
993,Brianna Allen,campbelltrevor@example.net,Engineering,Shark Team,User,#Ul2LyfF1)
994,Tracy Brown,ymiller@example.org,Marketing,Eagle Team,User,#1W7GBYt@X
995,Sarah Roberts,wendy10@example.org,Engineering,Rhino Team,User,Oy62B242%1
996,Stephanie Rodriguez,vholloway@example.org,Legal,Beta Team,Admin,VDJ5uj4u$7
997,Natasha Ingram,jamessmith@example.com,IT,Rhino Team,Admin,^U2QLQo*)y
998,Daniel Mccarthy,isaacramirez@example.net,Operations,Shark Team,User,8#VPzZDW+3
999,Lisa Murphy,christine83@example.org,Legal,Lambda Team,Admin,p*%Z9KOcKf
1000,Michael Martin,scott69@example.com,IT,Eagle Team,Admin,V%@LB7Ya0@
