EmployeeID,Department,DiscussionCount,AverageRating,FeedbackCount,TotalCourseCount,AverageQuizScore,TotalTimeSpent,EngagementLevelScore,EngagementLevel
1,Operations          ,0.0,0.0,0.0,0,0,0,0.0,0
2,Engineering         ,1.42,1.31,2.1,1,14,293,34.0315,0
3,Operations          ,13.64,3.98,36.02,2,48,174,40.727,0
4,Marketing           ,0.0,0.0,0.0,0,0,0,0.0,0
5,Engineering         ,10.43,3.11,39.23,3,45,137,36.2595,0
6,Operations          ,2.39,1.37,3.24,1,7,261,29.518500000000003,0
7,Marketing           ,0.0,0.0,0.0,0,0,0,0.0,0
8,Legal               ,14.75,3.42,31.01,2,50,46,27.507000000000005,0
9,Customer Support    ,0.0,0.0,0.0,0,0,0,0.0,0
10,Engineering         ,2.05,1.37,8.92,1,10,245,29.7365,0
11,IT                  ,14.97,3.44,30.45,2,41,101,30.694000000000003,0
12,Customer Support    ,0.0,0.0,0.0,0,0,0,0.0,0
13,Human Resources     ,11.35,3.65,35.73,2,60,106,36.328500000000005,0
14,Customer Support    ,0.0,0.0,0.0,0,0,0,0.0,0
15,Legal               ,0.0,0.0,0.0,0,0,0,0.0,0
16,Customer Support    ,0.0,0.0,0.0,0,0,0,0.0,0
17,Legal               ,11.22,3.63,32.81,2,51,271,49.9635,0
18,Operations          ,1.29,0.24,1.37,1,11,42,7.742,0
19,Legal               ,1.47,1.26,3.64,1,17,109,16.687,0
20,Legal               ,10.36,3.35,35.19,2,52,25,25.8475,0
21,Operations          ,12.27,3.29,35.98,3,51,38,27.6225,0
22,Marketing           ,14.88,3.44,35.84,2,54,64,31.304,0
23,Product Development ,0.0,0.0,0.0,0,0,0,0.0,0
24,Operations          ,12.51,3.88,37.12,2,41,91,30.646,0
25,Sales               ,0.53,0.24,3.1,1,12,301,34.086,0
26,Marketing           ,0.0,0.0,0.0,0,0,0,0.0,0
27,Operations          ,0.0,0.0,0.0,0,0,0,0.0,0
28,Engineering         ,0.0,0.0,0.0,0,0,0,0.0,0
29,Customer Support    ,0.0,0.0,0.0,0,0,0,0.0,0
30,Customer Support    ,0.0,0.0,0.0,0,0,0,0.0,0
31,Product Development ,2.31,0.74,7.58,1,17,53,11.913,0
32,Customer Support    ,0.8,1.55,5.13,1,13,55,10.5235,0
33,Engineering         ,0.0,0.0,0.0,0,0,0,0.0,0
34,Operations          ,12.87,3.46,36.8,2,46,258,48.499,0
35,Sales               ,2.11,1.81,6.97,1,5,17,5.418500000000001,0
36,Human Resources     ,14.53,3.28,32.04,2,44,118,33.334,0
37,Sales               ,1.73,1.06,3.39,1,14,144,19.389,0
38,Marketing           ,1.93,1.62,8.5,1,13,209,26.841,0
39,Human Resources     ,1.16,0.41,4.06,1,12,204,24.7465,0
40,Engineering         ,0.0,0.0,0.0,0,0,0,0.0,0
41,Product Development ,0.0,0.0,0.0,0,0,0,0.0,0
42,Sales               ,12.52,3.46,36.48,2,57,154,40.715,0
43,Engineering         ,14.55,3.51,31.38,2,50,85,31.4635,0
44,Product Development ,14.93,3.49,32.92,2,60,163,42.1425,0
45,Operations          ,0.0,0.0,0.0,0,0,0,0.0,0
46,Customer Support    ,14.14,3.18,34.39,3,50,316,55.201,1
47,Legal               ,0.0,0.0,0.0,0,0,0,0.0,0
48,Finance             ,0.05,0.4,2.08,1,7,294,31.876,0
49,Marketing           ,0.0,0.0,0.0,0,0,0,0.0,0
50,Marketing           ,15.12,4.98,57.52,4,74,186,53.673,1
51,Sales               ,0.14,0.19,6.13,1,1,90,10.7515,0
52,Operations          ,0.0,0.0,0.0,0,0,0,0.0,0
53,Finance             ,0.0,0.0,0.0,0,0,0,0.0,0
54,Human Resources     ,11.89,3.45,37.5,3,59,259,51.9905,1
55,Sales               ,0.15,1.22,3.05,1,10,126,16.245,0
56,Customer Support    ,1.9,0.85,1.8,1,3,98,11.7025,0
57,Product Development ,0.0,0.0,0.0,0,0,0,0.0,0
58,Human Resources     ,0.0,0.0,0.0,0,0,0,0.0,0
59,Customer Support    ,0.0,0.0,0.0,0,0,0,0.0,0
60,Legal               ,0.0,0.0,0.0,0,0,0,0.0,0
61,Product Development ,11.11,3.97,32.98,2,50,35,26.210500000000003,0
62,Operations          ,14.92,3.55,38.45,3,44,190,42.1615,0
63,Human Resources     ,1.84,0.87,6.81,1,0,192,21.347500000000004,0
64,Operations          ,2.38,1.71,9.03,1,1,75,10.6595,0
65,Operations          ,2.32,0.85,3.58,1,12,256,30.192500000000003,0
66,Operations          ,10.02,3.89,39.63,3,54,200,45.0025,0
67,Customer Support    ,10.35,3.98,37.17,2,58,181,43.499,0
68,Operations          ,0.0,0.0,0.0,0,0,0,0.0,0
69,Operations          ,0.0,0.0,0.0,0,0,0,0.0,0
70,Finance             ,0.82,1.37,2.57,1,18,196,25.320500000000003,0
71,Legal               ,10.72,3.36,37.26,3,60,56,31.636000000000003,0
72,IT                  ,1.52,0.46,9.64,1,10,274,32.447,0
73,Customer Support    ,0.0,0.0,0.0,0,0,0,0.0,0
74,Sales               ,14.96,3.34,31.58,2,48,236,46.143,0
75,Marketing           ,0.0,0.0,0.0,0,0,0,0.0,0
76,IT                  ,0.39,0.61,6.63,1,2,109,13.1565,0
77,Customer Support    ,2.5,0.03,7.91,1,19,244,31.4395,0
78,Product Development ,11.6,3.25,33.58,2,43,38,24.7985,0
79,Marketing           ,12.32,3.33,38.6,3,51,196,43.9665,0
80,Customer Support    ,2.27,1.24,5.73,1,11,38,8.66,0
81,Engineering         ,0.0,0.0,0.0,0,0,0,0.0,0
82,Finance             ,0.0,0.0,0.0,0,0,0,0.0,0
83,Sales               ,0.0,0.0,0.0,0,0,0,0.0,0
84,Sales               ,2.68,1.38,6.24,1,16,262,32.529,0
85,Product Development ,1.4,0.73,6.5,1,6,144,17.8625,0
86,Human Resources     ,14.17,3.42,35.11,2,50,91,32.711,0
87,Legal               ,2.99,1.32,9.67,1,1,49,8.212,0
88,Customer Support    ,0.0,0.0,0.0,0,0,0,0.0,0
89,Legal               ,1.83,0.65,8.59,1,6,206,24.5465,0
90,Operations          ,14.47,3.84,31.36,2,51,137,36.976000000000006,0
91,Customer Support    ,0.77,0.52,5.34,1,7,30,6.302,0
92,Marketing           ,0.0,0.0,0.0,0,0,0,0.0,0
93,Human Resources     ,0.0,0.0,0.0,0,0,0,0.0,0
94,Operations          ,14.3,3.67,31.41,3,46,76,29.759500000000003,0
95,Operations          ,0.0,0.0,0.0,0,0,0,0.0,0
96,Human Resources     ,0.0,0.0,0.0,0,0,0,0.0,0
97,Human Resources     ,2.6,1.01,5.65,1,13,55,10.8525,0
98,IT                  ,0.0,0.0,0.0,0,0,0,0.0,0
99,Engineering         ,2.6,0.2,4.74,1,7,275,30.968,0
100,Legal               ,12.8,3.33,39.56,2,49,146,38.5545,0
101,Marketing           ,13.62,3.87,34.89,3,41,206,42.1195,0
102,Sales               ,2.45,1.09,6.13,1,18,113,17.988500000000002,0
103,Customer Support    ,0.0,0.0,0.0,0,0,0,0.0,0
104,IT                  ,0.58,1.81,5.71,1,14,188,24.2105,0
105,Legal               ,13.69,3.34,37.94,3,46,256,48.861,0
106,Marketing           ,0.0,0.0,0.0,0,0,0,0.0,0
107,Customer Support    ,0.0,0.0,0.0,0,0,0,0.0,0
108,Sales               ,1.89,1.58,2.21,1,5,315,34.165,0
109,Human Resources     ,0.0,0.0,0.0,0,0,0,0.0,0
110,Customer Support    ,0.12,0.51,2.08,1,6,36,5.8675,0
111,IT                  ,0.65,1.46,4.97,1,2,279,30.089,0
112,Marketing           ,0.0,0.0,0.0,0,0,0,0.0,0
113,Customer Support    ,0.0,0.0,0.0,0,0,0,0.0,0
114,IT                  ,1.37,0.23,5.05,1,3,108,13.0915,0
115,Product Development ,0.0,0.0,0.0,0,0,0,0.0,0
116,IT                  ,1.1,1.41,2.55,1,7,62,9.2325,0
117,Marketing           ,0.0,0.0,0.0,0,0,0,0.0,0
118,Legal               ,11.34,3.67,38.15,2,59,50,30.9655,0
119,Legal               ,1.61,1.3,7.2,1,8,123,16.587000000000003,0
120,Customer Support    ,14.37,3.51,38.73,2,43,121,34.7475,0
121,IT                  ,0.0,0.0,0.0,0,0,0,0.0,0
122,Human Resources     ,2.4,1.6,3.54,1,2,203,22.588,0
123,Engineering         ,0.9,1.5,6.6,1,8,180,22.075,0
124,Engineering         ,2.26,1.25,7.17,1,18,274,34.298500000000004,0
125,Legal               ,0.0,0.0,0.0,0,0,0,0.0,0
126,IT                  ,0.0,0.0,0.0,0,0,0,0.0,0
127,Sales               ,0.0,0.0,0.0,0,0,0,0.0,0
128,Human Resources     ,0.0,0.0,0.0,0,0,0,0.0,0
129,Customer Support    ,0.68,0.66,9.08,1,12,273,32.617000000000004,0
130,Legal               ,0.0,0.0,0.0,0,0,0,0.0,0
131,Operations          ,0.13,1.62,4.26,1,11,231,27.333,0
132,Sales               ,0.0,0.0,0.0,0,0,0,0.0,0
133,Sales               ,2.91,1.79,2.6,1,16,290,34.7495,0
134,Human Resources     ,0.0,0.0,0.0,0,0,0,0.0,0
135,Human Resources     ,2.67,1.12,1.79,1,5,62,8.822,0
136,IT                  ,0.0,0.0,0.0,0,0,0,0.0,0
137,Product Development ,1.36,1.07,6.47,1,18,32,9.7335,0
138,Legal               ,12.8,3.39,31.83,2,49,166,39.0235,0
139,Finance             ,1.47,1.76,4.63,1,12,67,11.56,0
140,Marketing           ,0.0,0.0,0.0,0,0,0,0.0,0
141,Sales               ,0.82,0.08,7.42,1,4,264,29.268,0
142,IT                  ,1.98,1.84,3.45,1,5,52,8.196000000000002,0
143,Sales               ,2.88,0.6,9.62,1,5,98,13.9,0
144,Legal               ,0.88,1.96,7.43,1,16,40,10.352,0
145,Product Development ,1.0,0.83,9.26,1,4,52,8.659500000000001,0
146,Operations          ,1.1,1.02,1.42,1,2,129,14.359,0
147,Finance             ,13.95,3.16,30.55,2,48,297,51.790000000000006,1
148,Legal               ,2.07,0.45,9.72,1,4,211,24.7705,0
149,Engineering         ,14.01,3.41,35.56,2,54,33,27.9665,0
150,Human Resources     ,0.0,0.0,0.0,0,0,0,0.0,0
151,Customer Support    ,12.61,3.77,35.31,2,57,101,35.276500000000006,0
152,Product Development ,0.72,1.79,3.09,1,18,204,26.3095,0
153,Marketing           ,0.0,0.0,0.0,0,0,0,0.0,0
154,Finance             ,1.16,1.4,7.82,1,18,161,22.946,0
155,IT                  ,0.0,0.0,0.0,0,0,0,0.0,0
156,Engineering         ,0.54,1.97,4.1,1,2,318,33.920500000000004,0
157,Marketing           ,14.82,3.49,31.31,2,43,164,37.6485,0
158,Legal               ,11.26,3.19,34.46,2,46,46,26.441500000000005,0
159,Customer Support    ,0.0,0.0,0.0,0,0,0,0.0,0
160,Product Development ,0.0,0.0,0.0,0,0,0,0.0,0
161,Product Development ,0.0,0.0,0.0,0,0,0,0.0,0
162,Legal               ,1.87,0.87,3.09,1,6,129,15.8095,0
163,Product Development ,1.28,1.3,9.1,1,10,75,12.601,0
164,Human Resources     ,13.09,3.51,33.47,2,54,297,53.7895,1
165,Product Development ,0.0,0.0,0.0,0,0,0,0.0,0
166,Finance             ,0.0,0.0,0.0,0,0,0,0.0,0
167,Customer Support    ,2.21,1.09,3.65,1,6,179,21.044500000000003,0
168,IT                  ,0.0,0.0,0.0,0,0,0,0.0,0
169,Human Resources     ,13.58,3.83,30.21,2,53,107,34.0655,0
170,Human Resources     ,0.0,0.0,0.0,0,0,0,0.0,0
171,IT                  ,1.57,0.22,4.92,1,13,18,6.603,0
172,Product Development ,1.18,0.88,9.77,1,3,296,32.96,0
173,Operations          ,0.93,0.61,2.88,1,14,152,19.8145,0
174,Operations          ,2.1,1.02,2.69,1,12,46,9.013000000000002,0
175,Customer Support    ,2.29,1.54,1.62,1,17,112,16.817,0
176,Sales               ,10.41,3.24,37.52,2,45,293,51.346,1
177,Legal               ,1.43,0.37,6.11,1,15,111,16.6505,0
178,Engineering         ,0.0,0.0,0.0,0,0,0,0.0,0
179,Customer Support    ,2.5,0.37,5.53,1,4,17,4.5985000000000005,0
180,Engineering         ,12.86,3.99,38.92,3,51,92,33.9035,0
181,IT                  ,0.09,1.2,2.62,1,2,231,24.642000000000003,0
182,Legal               ,2.27,0.92,2.77,1,9,307,34.388000000000005,0
183,IT                  ,0.08,0.07,9.02,1,14,26,8.1375,0
184,IT                  ,0.0,0.0,0.0,0,0,0,0.0,0
185,Customer Support    ,0.0,0.0,0.0,0,0,0,0.0,0
186,Marketing           ,10.73,3.89,36.77,3,60,80,34.072500000000005,0
187,Customer Support    ,13.78,3.29,39.54,2,55,204,46.0365,0
188,Product Development ,13.99,3.45,36.97,2,52,170,41.4545,0
189,Legal               ,1.41,1.79,5.45,1,19,270,33.7695,0
190,Sales               ,10.57,3.6,34.14,2,56,292,53.44200000000001,1
191,IT                  ,0.0,0.0,0.0,0,0,0,0.0,0
192,Human Resources     ,0.0,0.0,0.0,0,0,0,0.0,0
193,Operations          ,0.0,0.0,0.0,0,0,0,0.0,0
194,Engineering         ,0.0,0.0,0.0,0,0,0,0.0,0
195,Engineering         ,2.49,1.54,6.33,1,9,161,20.699,0
196,IT                  ,0.0,0.0,0.0,0,0,0,0.0,0
197,IT                  ,0.0,0.0,0.0,0,0,0,0.0,0
198,Engineering         ,0.0,0.0,0.0,0,0,0,0.0,0
199,Sales               ,0.15,1.79,2.74,1,16,116,16.8255,0
200,Customer Support    ,1.86,1.1,8.28,1,18,184,25.403,0
201,IT                  ,0.0,0.0,0.0,0,0,0,0.0,0
202,Product Development ,0.17,0.58,3.9,1,8,40,7.159,0
203,Customer Support    ,11.61,3.15,36.18,3,51,249,48.5955,0
204,Engineering         ,0.0,0.0,0.0,0,0,0,0.0,0
205,Engineering         ,1.31,1.01,8.53,1,16,322,38.62050000000001,0
206,Operations          ,0.0,0.0,0.0,0,0,0,0.0,0
207,Engineering         ,0.06,0.2,9.64,1,19,311,38.04,0
208,Operations          ,10.97,3.99,35.12,2,46,95,31.6155,0
209,Operations          ,0.0,0.0,0.0,0,0,0,0.0,0
210,Product Development ,0.0,0.0,0.0,0,0,0,0.0,0
211,Operations          ,0.02,0.5,7.15,1,13,139,18.909,0
212,IT                  ,2.74,0.14,9.12,1,14,111,17.207,0
213,Product Development ,0.66,0.72,4.23,1,12,176,21.958,0
214,Human Resources     ,2.78,1.88,2.86,1,11,119,16.448,0
215,Legal               ,2.35,0.81,8.19,1,15,318,38.060500000000005,0
216,Operations          ,0.0,0.0,0.0,0,0,0,0.0,0
217,Marketing           ,0.0,0.0,0.0,0,0,0,0.0,0
218,Engineering         ,0.0,0.0,0.0,0,0,0,0.0,0
219,Operations          ,0.6,1.24,2.13,1,2,72,8.756,0
220,Customer Support    ,0.0,0.0,0.0,0,0,0,0.0,0
221,Engineering         ,0.0,0.0,0.0,0,0,0,0.0,0
222,Operations          ,0.0,0.0,0.0,0,0,0,0.0,0
223,Finance             ,14.35,3.7,37.59,2,42,217,43.913,0
224,Product Development ,1.63,0.39,9.58,1,4,219,25.4395,0
225,Operations          ,1.99,0.44,5.8,1,4,265,29.368,0
226,Operations          ,15.78,4.43,42.8,4,92,274,64.0235,1
227,Sales               ,1.32,1.71,8.65,1,13,183,24.1715,0
228,Customer Support    ,0.0,0.0,0.0,0,0,0,0.0,0
229,Engineering         ,0.0,0.0,0.0,0,0,0,0.0,0
230,Engineering         ,0.04,0.89,3.79,1,8,184,21.588500000000003,0
231,Product Development ,0.42,0.86,5.86,1,5,221,25.021,0
232,Customer Support    ,1.81,1.32,9.43,1,12,114,17.178,0
233,Operations          ,0.91,0.66,5.08,1,10,86,12.663,0
234,Marketing           ,0.0,0.0,0.0,0,0,0,0.0,0
235,Customer Support    ,1.99,0.4,4.17,1,15,254,30.682,0
236,Customer Support    ,12.21,3.68,31.63,2,50,310,53.588,1
237,Operations          ,0.0,0.0,0.0,0,0,0,0.0,0
238,Customer Support    ,0.23,1.96,4.29,1,10,65,10.594,0
239,Operations          ,0.0,0.0,0.0,0,0,0,0.0,0
240,Customer Support    ,0.17,1.83,3.09,1,19,29,8.9595,0
241,Customer Support    ,10.46,3.86,34.83,2,50,229,45.82300000000001,0
242,Operations          ,11.96,3.34,32.69,2,56,238,47.965,0
243,Legal               ,0.0,0.0,0.0,0,0,0,0.0,0
244,Marketing           ,11.93,3.63,30.3,3,57,262,50.4035,1
245,Customer Support    ,0.0,0.0,0.0,0,0,0,0.0,0
246,Operations          ,0.68,1.69,5.44,1,11,256,30.1965,0
247,Product Development ,0.0,0.0,0.0,0,0,0,0.0,0
248,Finance             ,12.64,3.86,35.49,2,44,187,40.691,0
249,Finance             ,0.0,0.0,0.0,0,0,0,0.0,0
250,Legal               ,0.8,0.0,2.38,1,10,307,34.036,0
251,Legal               ,0.0,0.0,0.0,0,0,0,0.0,0
252,Legal               ,1.35,0.14,1.91,1,13,238,27.937,0
253,Finance             ,0.0,0.0,0.0,0,0,0,0.0,0
254,Finance             ,0.01,0.85,3.9,1,18,58,11.4945,0
255,Finance             ,13.58,3.75,31.38,2,53,322,55.779500000000006,1
256,Customer Support    ,13.45,3.6,30.14,2,41,118,32.068,0
257,Legal               ,0.0,0.0,0.0,0,0,0,0.0,0
258,Legal               ,11.04,3.86,39.35,2,43,261,48.293000000000006,0
259,Finance             ,18.35,4.9,50.37,4,96,104,50.169,1
260,Finance             ,2.82,1.91,8.08,1,10,35,8.8575,0
261,Sales               ,14.84,3.37,39.67,2,44,32,26.3445,0
262,IT                  ,0.0,0.0,0.0,0,0,0,0.0,0
263,IT                  ,0.0,0.0,0.0,0,0,0,0.0,0
264,Human Resources     ,11.25,3.63,35.77,2,45,199,41.86150000000001,0
265,Finance             ,12.14,3.8,36.53,2,43,128,34.634,0
266,Operations          ,0.0,0.0,0.0,0,0,0,0.0,0
267,Operations          ,0.0,0.0,0.0,0,0,0,0.0,0
268,Engineering         ,1.06,0.2,5.37,1,13,74,12.186,0
269,Sales               ,0.0,0.0,0.0,0,0,0,0.0,0
270,Sales               ,2.71,0.53,9.13,1,13,125,18.4505,0
271,Engineering         ,0.0,0.0,0.0,0,0,0,0.0,0
272,Sales               ,0.0,0.0,0.0,0,0,0,0.0,0
273,Sales               ,0.0,0.0,0.0,0,0,0,0.0,0
274,Legal               ,0.0,0.0,0.0,0,0,0,0.0,0
275,IT                  ,11.34,3.34,39.38,2,59,31,29.229000000000003,0
276,Marketing           ,13.58,3.46,34.55,2,56,34,28.291,0
277,Customer Support    ,0.22,1.08,8.76,1,3,216,24.616,0
278,IT                  ,1.71,1.61,3.7,1,17,198,25.7345,0
279,Human Resources     ,2.91,1.77,1.89,1,2,221,24.2025,0
280,Legal               ,13.89,3.41,36.42,2,50,209,44.7145,0
281,Marketing           ,0.0,0.0,0.0,0,0,0,0.0,0
282,Human Resources     ,2.7,1.68,8.96,1,19,292,36.902,0
283,Sales               ,0.0,0.0,0.0,0,0,0,0.0,0
284,Sales               ,12.92,3.86,31.88,2,42,73,28.125000000000004,0
285,Sales               ,0.0,0.0,0.0,0,0,0,0.0,0
286,Sales               ,0.0,0.0,0.0,0,0,0,0.0,0
287,Human Resources     ,14.27,3.36,30.34,2,46,232,44.862,0
288,Legal               ,12.11,3.79,37.0,2,41,255,46.9195,0
289,Human Resources     ,0.0,0.0,0.0,0,0,0,0.0,0
290,Human Resources     ,0.0,0.0,0.0,0,0,0,0.0,0
291,Finance             ,1.21,1.12,8.92,1,14,21,8.106,0
292,Sales               ,1.02,1.34,4.04,1,16,43,9.847,0
293,Operations          ,0.0,0.0,0.0,0,0,0,0.0,0
294,Product Development ,0.0,0.0,0.0,0,0,0,0.0,0
295,Sales               ,0.04,1.26,8.54,1,6,233,27.031,0
296,Customer Support    ,0.66,0.43,1.9,1,2,55,6.8195,0
297,Human Resources     ,0.0,0.0,0.0,0,0,0,0.0,0
298,Finance             ,2.35,0.57,5.63,1,19,96,16.288500000000003,0
299,Customer Support    ,2.23,0.36,1.38,1,14,299,34.412000000000006,0
300,Customer Support    ,1.47,0.71,7.06,1,11,275,32.3335,0
301,IT                  ,0.32,1.07,8.26,1,19,195,26.4335,0
302,Engineering         ,14.74,3.24,32.62,2,42,147,35.882000000000005,0
303,Product Development ,0.0,0.0,0.0,0,0,0,0.0,0
304,Engineering         ,0.93,1.24,7.83,1,6,230,26.762,0
305,Engineering         ,14.16,3.67,32.68,3,56,166,41.4855,0
306,Legal               ,0.11,1.85,1.12,1,4,209,22.8085,0
307,IT                  ,0.0,0.0,0.0,0,0,0,0.0,0
308,Engineering         ,2.64,0.55,9.77,1,2,306,33.9195,0
309,Finance             ,12.07,3.38,31.38,2,52,299,52.83500000000001,1
310,Customer Support    ,0.0,0.0,0.0,0,0,0,0.0,0
311,Marketing           ,0.0,0.0,0.0,0,0,0,0.0,0
312,Engineering         ,0.75,0.3,8.47,1,14,30,8.619,0
313,Finance             ,0.0,0.0,0.0,0,0,0,0.0,0
314,Operations          ,0.0,0.0,0.0,0,0,0,0.0,0
315,Finance             ,10.43,3.93,34.19,3,59,161,41.3565,0
316,Sales               ,13.83,3.64,30.94,3,52,210,44.464,0
317,Customer Support    ,11.5,3.67,31.12,2,57,46,28.691500000000005,0
318,Human Resources     ,14.48,3.72,34.85,3,52,61,30.496,0
319,Legal               ,2.88,0.62,8.46,1,16,87,15.323,0
320,Customer Support    ,1.76,0.56,6.64,1,0,256,27.62,0
321,Operations          ,14.56,3.66,35.14,3,53,19,26.605,0
322,Human Resources     ,11.11,3.35,35.05,2,50,309,53.8695,1
323,Operations          ,11.58,3.35,38.32,3,46,247,47.61750000000001,0
324,Finance             ,2.52,1.14,8.59,1,1,170,19.957,0
325,Finance             ,2.79,1.18,9.5,1,13,300,36.203,0
326,Engineering         ,2.91,1.9,5.82,1,19,163,23.471,0
327,Engineering         ,14.21,3.32,30.12,3,60,277,52.996,1
328,Engineering         ,13.9,3.81,32.69,2,50,119,35.0705,0
329,Engineering         ,14.17,3.26,32.6,3,54,278,52.069,1
330,Customer Support    ,0.0,0.0,0.0,0,0,0,0.0,0
331,Engineering         ,1.26,1.35,6.65,1,15,217,27.569500000000005,0
332,Marketing           ,2.88,0.1,5.44,1,10,289,33.289,0
333,Legal               ,0.0,0.0,0.0,0,0,0,0.0,0
334,Legal               ,13.79,3.22,32.37,2,58,67,31.637,0
335,Sales               ,0.0,0.0,0.0,0,0,0,0.0,0
336,Operations          ,2.14,0.51,8.37,1,0,72,9.6295,0
337,Customer Support    ,2.18,0.16,4.72,1,6,312,34.32,0
338,Finance             ,0.23,0.21,4.03,1,9,68,10.1545,0
339,Operations          ,0.0,0.0,0.0,0,0,0,0.0,0
340,Customer Support    ,0.0,0.0,0.0,0,0,0,0.0,0
341,Marketing           ,1.51,1.31,1.41,1,16,103,15.4115,0
342,Product Development ,19.01,4.91,42.47,4,79,222,56.273500000000006,1
343,Operations          ,12.13,3.44,39.98,2,53,180,42.932,0
344,Operations          ,0.78,1.3,5.5,1,19,161,22.631,0
345,Product Development ,0.0,0.0,0.0,0,0,0,0.0,0
346,Operations          ,0.48,1.62,5.4,1,1,18,3.831,0
347,Engineering         ,1.54,0.2,7.93,1,16,58,11.944,0
348,IT                  ,0.0,0.0,0.0,0,0,0,0.0,0
349,Marketing           ,0.0,0.0,0.0,0,0,0,0.0,0
350,Engineering         ,0.0,0.0,0.0,0,0,0,0.0,0
351,Product Development ,12.65,3.8,33.98,3,54,223,46.676,0
352,IT                  ,0.0,0.0,0.0,0,0,0,0.0,0
353,Operations          ,0.0,0.0,0.0,0,0,0,0.0,0
354,IT                  ,2.22,1.46,5.74,1,15,236,29.507,0
355,Operations          ,0.0,0.0,0.0,0,0,0,0.0,0
356,Product Development ,1.57,0.88,2.29,1,19,113,17.242,0
357,Sales               ,13.35,3.46,37.34,2,52,316,56.003,1
358,Product Development ,0.33,0.98,1.85,1,4,292,31.081000000000003,0
359,Operations          ,14.5,3.49,38.41,3,52,25,27.5545,0
360,Product Development ,1.07,1.33,5.54,1,8,95,13.3545,0
361,Product Development ,18.36,4.98,59.48,4,83,93,47.663,0
362,Finance             ,0.0,0.0,0.0,0,0,0,0.0,0
363,Customer Support    ,13.42,3.9,33.81,2,42,23,23.621,0
364,IT                  ,1.55,1.7,5.12,1,13,305,35.709,0
365,Sales               ,1.65,1.37,6.79,1,18,34,10.1305,0
366,Product Development ,0.0,0.0,0.0,0,0,0,0.0,0
367,Legal               ,0.0,0.0,0.0,0,0,0,0.0,0
368,Engineering         ,0.01,0.22,9.31,1,13,39,9.269,0
369,IT                  ,12.18,3.86,38.39,3,60,301,56.779,1
370,Product Development ,0.0,0.0,0.0,0,0,0,0.0,0
371,Human Resources     ,1.15,0.71,7.35,1,5,207,24.027500000000003,0
372,Marketing           ,0.0,0.0,0.0,0,0,0,0.0,0
373,Customer Support    ,10.61,3.82,31.08,2,60,211,45.793,0
374,Finance             ,2.31,0.1,3.45,1,4,53,7.677,0
375,Human Resources     ,1.21,1.81,7.41,1,18,301,36.9765,0
376,Product Development ,0.0,0.0,0.0,0,0,0,0.0,0
377,Engineering         ,0.0,0.0,0.0,0,0,0,0.0,0
378,Operations          ,14.16,3.96,33.47,2,60,275,53.416,1
379,Human Resources     ,0.0,0.0,0.0,0,0,0,0.0,0
380,IT                  ,12.21,3.59,38.3,2,48,155,38.8995,0
381,IT                  ,1.67,1.58,3.3,1,13,90,13.839,0
382,Product Development ,0.0,0.0,0.0,0,0,0,0.0,0
383,IT                  ,10.88,3.74,31.92,2,49,50,27.145000000000003,0
384,Operations          ,10.55,3.22,33.14,3,43,32,24.093,0
385,Finance             ,12.97,3.74,30.08,2,50,173,39.745000000000005,0
386,Human Resources     ,0.21,1.1,8.01,1,17,11,7.468999999999999,0
387,Engineering         ,2.88,0.91,4.12,1,3,143,16.8775,0
388,Sales               ,0.39,0.09,4.08,1,4,70,9.1165,0
389,Operations          ,0.0,0.0,0.0,0,0,0,0.0,0
390,Product Development ,14.67,3.34,38.93,2,55,16,27.305,0
391,Engineering         ,0.0,0.0,0.0,0,0,0,0.0,0
392,Product Development ,0.0,0.0,0.0,0,0,0,0.0,0
393,Sales               ,1.37,0.59,7.71,1,0,233,25.4635,0
394,Sales               ,0.0,0.0,0.0,0,0,0,0.0,0
395,Legal               ,0.0,0.0,0.0,0,0,0,0.0,0
396,Finance             ,14.84,3.72,31.39,2,48,306,53.176,1
397,Operations          ,0.0,0.0,0.0,0,0,0,0.0,0
398,Customer Support    ,0.24,1.2,7.74,1,1,133,15.646,0
399,Human Resources     ,0.0,0.0,0.0,0,0,0,0.0,0
400,Operations          ,2.06,1.21,7.89,1,10,97,14.6925,0
401,Product Development ,0.0,0.0,0.0,0,0,0,0.0,0
402,Sales               ,0.01,1.54,7.73,1,7,165,20.383,0
403,Finance             ,10.5,3.96,30.95,2,47,160,37.43,0
404,Human Resources     ,0.11,0.59,4.05,1,2,127,14.3795,0
405,Engineering         ,14.65,3.75,31.96,2,57,268,51.709500000000006,1
406,Operations          ,0.0,0.0,0.0,0,0,0,0.0,0
407,Operations          ,0.81,0.2,4.07,1,12,64,10.626,0
408,Finance             ,0.0,0.0,0.0,0,0,0,0.0,0
409,IT                  ,0.0,0.0,0.0,0,0,0,0.0,0
410,IT                  ,0.0,0.0,0.0,0,0,0,0.0,0
411,IT                  ,0.0,0.0,0.0,0,0,0,0.0,0
412,Customer Support    ,2.54,0.81,1.85,1,8,170,20.2805,0
413,Marketing           ,0.16,1.27,4.41,1,17,178,23.4815,0
414,Sales               ,0.0,0.0,0.0,0,0,0,0.0,0
415,Engineering         ,12.65,3.47,39.71,3,42,21,24.539500000000004,0
416,Product Development ,0.0,0.0,0.0,0,0,0,0.0,0
417,Operations          ,0.0,0.0,0.0,0,0,0,0.0,0
418,Customer Support    ,0.65,0.06,8.39,1,14,167,22.223,0
419,Engineering         ,0.0,0.0,0.0,0,0,0,0.0,0
420,Human Resources     ,2.49,0.06,9.62,1,9,231,27.987,0
421,Human Resources     ,11.56,3.29,37.53,3,43,267,48.6905,0
422,Customer Support    ,0.0,0.0,0.0,0,0,0,0.0,0
423,Engineering         ,2.25,1.05,3.84,1,15,164,21.8305,0
424,Sales               ,13.06,3.28,33.89,2,53,204,44.260000000000005,0
425,Customer Support    ,0.0,0.0,0.0,0,0,0,0.0,0
426,IT                  ,11.75,3.96,32.25,2,60,233,48.49,0
427,Product Development ,0.0,0.0,0.0,0,0,0,0.0,0
428,Sales               ,0.55,0.12,8.72,1,0,190,21.084,0
429,Finance             ,2.96,1.55,7.03,1,3,26,5.935500000000001,0
430,Operations          ,0.0,0.0,0.0,0,0,0,0.0,0
431,IT                  ,0.0,0.0,0.0,0,0,0,0.0,0
432,Customer Support    ,0.0,0.0,0.0,0,0,0,0.0,0
433,Operations          ,14.55,3.47,37.48,2,54,173,42.4735,0
434,Sales               ,1.99,1.28,3.35,1,7,141,17.438000000000002,0
435,Finance             ,0.0,0.0,0.0,0,0,0,0.0,0
436,Human Resources     ,12.75,3.59,35.02,2,52,75,31.3515,0
437,Operations          ,13.69,3.52,33.77,2,48,118,34.572,0
438,Product Development ,2.23,0.34,4.45,1,18,134,19.521,0
439,Human Resources     ,2.67,0.35,7.2,1,3,197,22.711500000000004,0
440,Marketing           ,0.37,1.45,8.4,1,14,231,28.916500000000003,0
441,IT                  ,0.44,0.48,6.06,1,9,107,14.57,0
442,Marketing           ,16.86,4.3,59.85,4,67,21,36.067,0
443,Customer Support    ,0.0,0.0,0.0,0,0,0,0.0,0
444,IT                  ,0.0,0.0,0.0,0,0,0,0.0,0
445,Sales               ,0.42,0.77,3.19,1,2,12,2.8145,0
446,Human Resources     ,0.0,0.0,0.0,0,0,0,0.0,0
447,IT                  ,11.05,3.43,33.07,3,41,131,33.6315,0
448,Operations          ,10.66,3.87,31.11,3,60,237,48.621500000000005,0
449,Operations          ,12.74,3.43,32.28,2,44,136,34.8615,0
450,Legal               ,1.43,1.53,1.58,1,8,150,18.1845,0
451,Legal               ,0.0,0.0,0.0,0,0,0,0.0,0
452,Customer Support    ,0.0,0.0,0.0,0,0,0,0.0,0
453,Marketing           ,13.26,3.3,39.5,2,60,166,43.377,0
454,Finance             ,10.7,3.16,31.3,2,42,131,33.190000000000005,0
455,Human Resources     ,0.18,1.68,2.73,1,7,233,26.252,0
456,Engineering         ,0.0,0.0,0.0,0,0,0,0.0,0
457,IT                  ,0.62,0.26,8.49,1,10,18,6.387,0
458,Operations          ,0.87,0.28,1.26,1,18,28,7.996,0
459,Customer Support    ,0.0,0.0,0.0,0,0,0,0.0,0
460,Operations          ,13.47,3.68,31.45,2,42,191,39.904,0
461,IT                  ,0.0,0.0,0.0,0,0,0,0.0,0
462,Operations          ,0.0,0.0,0.0,0,0,0,0.0,0
463,Operations          ,0.0,0.0,0.0,0,0,0,0.0,0
464,Product Development ,1.55,0.15,7.75,1,13,215,26.8475,0
465,Marketing           ,10.65,3.86,36.11,3,48,245,47.417,0
466,Product Development ,2.82,0.49,7.55,1,0,54,7.7965,0
467,Customer Support    ,13.24,3.48,33.44,2,58,226,47.706,0
468,Human Resources     ,13.61,3.15,32.0,2,52,199,43.209500000000006,0
469,IT                  ,0.0,0.0,0.0,0,0,0,0.0,0
470,Legal               ,1.19,1.52,9.89,1,13,242,30.246,0
471,IT                  ,0.0,0.0,0.0,0,0,0,0.0,0
472,Sales               ,10.56,3.2,31.98,2,46,261,47.308,0
473,Human Resources     ,0.08,0.29,3.87,1,12,151,19.1625,0
474,IT                  ,0.0,0.0,0.0,0,0,0,0.0,0
475,Finance             ,0.0,0.0,0.0,0,0,0,0.0,0
476,Sales               ,0.0,0.0,0.0,0,0,0,0.0,0
477,Marketing           ,12.47,3.84,31.66,2,53,312,54.636,1
478,Human Resources     ,0.0,0.0,0.0,0,0,0,0.0,0
479,Product Development ,0.0,1.09,5.85,1,4,250,27.6425,0
480,Product Development ,14.78,3.73,33.76,2,44,268,48.840500000000006,0
481,Legal               ,0.0,0.0,0.0,0,0,0,0.0,0
482,Engineering         ,11.8,3.51,35.78,2,52,96,33.3935,0
483,IT                  ,2.48,0.29,3.28,1,17,59,11.5745,0
484,Engineering         ,0.0,0.0,0.0,0,0,0,0.0,0
485,Marketing           ,19.51,4.84,67.58,4,74,147,52.628,1
486,Human Resources     ,0.0,0.0,0.0,0,0,0,0.0,0
487,Human Resources     ,13.7,3.25,34.07,2,56,131,37.8665,0
488,Human Resources     ,0.0,0.0,0.0,0,0,0,0.0,0
489,Human Resources     ,0.0,0.0,0.0,0,0,0,0.0,0
490,Marketing           ,0.0,0.0,0.0,0,0,0,0.0,0
491,Product Development ,1.5,0.3,7.36,1,15,18,7.597,0
492,Product Development ,0.0,0.0,0.0,0,0,0,0.0,0
493,Operations          ,0.0,0.0,0.0,0,0,0,0.0,0
494,Legal               ,0.0,0.0,0.0,0,0,0,0.0,0
495,Customer Support    ,2.49,0.55,7.34,1,12,285,33.8035,0
496,Engineering         ,0.0,0.0,0.0,0,0,0,0.0,0
497,Legal               ,0.21,1.52,6.51,1,6,164,19.824,0
498,Product Development ,0.0,0.0,0.0,0,0,0,0.0,0
499,Marketing           ,0.0,0.0,0.0,0,0,0,0.0,0
500,Sales               ,1.24,0.64,9.91,1,4,319,35.49,0
501,Legal               ,10.91,3.45,35.2,2,46,191,41.084500000000006,0
502,Product Development ,0.0,0.0,0.0,0,0,0,0.0,0
503,Product Development ,0.0,0.0,0.0,0,0,0,0.0,0
504,Finance             ,10.73,3.22,37.13,2,60,119,37.677,0
505,Legal               ,2.61,0.45,5.8,1,4,248,27.7945,0
506,Operations          ,11.36,3.21,39.65,2,57,157,41.3545,0
507,IT                  ,1.68,0.94,3.77,1,11,14,5.675000000000001,0
508,Legal               ,2.72,0.02,3.77,1,2,161,18.103,0
509,Legal               ,0.0,0.0,0.0,0,0,0,0.0,0
510,Marketing           ,0.0,0.0,0.0,0,0,0,0.0,0
511,Marketing           ,0.0,0.0,0.0,0,0,0,0.0,0
512,Customer Support    ,0.0,0.0,0.0,0,0,0,0.0,0
513,Engineering         ,14.7,3.77,35.39,2,45,155,38.1105,0
514,Sales               ,2.77,0.37,4.65,1,6,211,24.3765,0
515,Legal               ,12.74,3.85,39.22,3,48,300,53.9545,1
516,Product Development ,13.6,3.35,33.14,3,49,297,52.7355,1
517,Legal               ,0.66,1.36,7.49,1,6,143,17.970000000000002,0
518,Customer Support    ,13.42,3.63,38.84,3,48,305,54.4595,1
519,Customer Support    ,2.34,1.04,8.97,1,12,316,37.322,0
520,Operations          ,2.72,0.17,6.21,1,16,142,20.2285,0
521,Customer Support    ,0.25,1.2,3.51,1,16,23,7.552,0
522,IT                  ,13.68,3.54,36.72,2,54,269,51.765,1
523,Human Resources     ,0.0,0.0,0.0,0,0,0,0.0,0
524,IT                  ,14.32,3.55,35.5,2,53,318,56.3015,1
525,Operations          ,0.0,0.0,0.0,0,0,0,0.0,0
526,Human Resources     ,0.99,0.19,1.61,1,15,263,30.817500000000003,0
527,Sales               ,0.0,0.0,0.0,0,0,0,0.0,0
528,Customer Support    ,12.7,3.98,37.74,3,56,91,34.783,0
529,Marketing           ,10.28,3.66,37.82,2,59,239,49.58500000000001,0
530,Finance             ,2.39,0.22,6.18,1,10,55,9.969,0
531,Product Development ,1.08,1.53,6.64,1,11,175,22.3765,0
532,Finance             ,10.2,3.11,32.1,3,50,194,41.7375,0
533,Sales               ,0.0,0.0,0.0,0,0,0,0.0,0
534,Human Resources     ,2.8,0.5,5.38,1,18,320,38.461,0
535,Human Resources     ,0.0,0.0,0.0,0,0,0,0.0,0
536,Sales               ,0.34,1.8,8.52,1,9,183,22.972,0
537,Marketing           ,0.0,0.0,0.0,0,0,0,0.0,0
538,Product Development ,1.33,0.2,8.84,1,17,119,18.434,0
539,Finance             ,11.9,3.58,39.8,2,59,157,42.085,0
540,Customer Support    ,2.02,1.88,5.4,1,13,42,9.604,0
541,Marketing           ,1.8,0.26,4.13,1,1,321,33.801,0
542,Operations          ,0.0,0.0,0.0,0,0,0,0.0,0
543,Sales               ,14.31,3.45,34.0,3,52,90,33.1245,0
544,Marketing           ,10.62,3.53,39.62,2,47,200,43.0805,0
545,Product Development ,0.0,0.0,0.0,0,0,0,0.0,0
546,Human Resources     ,12.48,3.77,33.98,3,60,225,48.3345,0
547,Product Development ,1.76,1.57,8.74,1,9,274,32.3425,0
548,Marketing           ,0.0,0.0,0.0,0,0,0,0.0,0
549,Legal               ,0.0,0.0,0.0,0,0,0,0.0,0
550,Finance             ,1.54,1.16,4.34,1,13,185,23.416,0
551,Engineering         ,0.12,1.71,5.42,1,5,288,31.7855,0
552,Human Resources     ,10.26,3.14,31.72,2,45,95,30.331000000000003,0
553,IT                  ,0.0,0.0,0.0,0,0,0,0.0,0
554,Marketing           ,0.0,0.0,0.0,0,0,0,0.0,0
555,Product Development ,10.53,3.26,39.92,2,42,289,50.705,1
556,Sales               ,0.0,0.0,0.0,0,0,0,0.0,0
557,Finance             ,1.33,1.99,5.37,1,8,105,14.5375,0
558,Sales               ,15.07,4.24,61.51,6,86,141,53.176,1
559,Customer Support    ,1.25,1.75,5.32,1,9,115,15.7015,0
560,Customer Support    ,0.65,1.04,4.24,1,18,107,16.638,0
561,Sales               ,0.0,0.0,0.0,0,0,0,0.0,0
562,Finance             ,0.0,0.0,0.0,0,0,0,0.0,0
563,Finance             ,2.08,0.0,9.82,1,16,221,28.68,0
564,Human Resources     ,1.62,0.06,4.94,1,19,231,29.377,0
565,Sales               ,0.2,0.54,3.9,1,1,119,13.305,0
566,IT                  ,11.19,3.98,31.87,2,51,47,27.457,0
567,Customer Support    ,14.15,3.27,39.47,2,58,200,46.4415,0
568,Product Development ,0.0,0.0,0.0,0,0,0,0.0,0
569,Sales               ,1.01,0.04,7.19,1,4,231,25.950000000000003,0
570,Legal               ,13.84,3.82,36.14,2,56,161,41.451,0
571,Human Resources     ,0.29,1.74,1.12,1,6,213,23.717,0
572,Engineering         ,0.0,0.0,0.0,0,0,0,0.0,0
573,Customer Support    ,2.11,1.96,3.72,1,5,146,17.706000000000003,0
574,Customer Support    ,2.01,1.21,6.25,1,4,192,22.3545,0
575,Legal               ,0.0,0.0,0.0,0,0,0,0.0,0
576,Legal               ,17.2,4.49,59.37,4,89,167,56.18650000000001,1
577,Marketing           ,2.65,1.12,4.92,1,14,170,22.494,0
578,Finance             ,0.0,0.0,0.0,0,0,0,0.0,0
579,Customer Support    ,0.0,0.0,0.0,0,0,0,0.0,0
580,Product Development ,13.87,3.87,37.42,3,54,11,26.4255,0
581,Product Development ,0.0,0.0,0.0,0,0,0,0.0,0
582,Customer Support    ,11.69,3.75,35.47,2,55,267,51.2195,1
583,Legal               ,2.87,0.41,9.86,1,8,50,9.8485,0
584,Engineering         ,13.09,3.71,35.75,2,56,303,55.3955,1
585,Legal               ,0.0,0.0,0.0,0,0,0,0.0,0
586,Legal               ,10.78,3.2,33.77,2,41,318,52.16,1
587,Operations          ,11.26,3.46,32.48,2,51,156,38.363,0
588,Customer Support    ,11.32,3.31,36.24,2,41,146,35.5895,0
589,Customer Support    ,12.28,3.91,35.3,2,46,203,42.6935,0
590,Human Resources     ,2.5,1.83,3.82,1,13,190,24.1715,0
591,Marketing           ,2.45,0.74,8.78,1,6,72,11.331,0
592,Engineering         ,10.01,3.94,33.99,2,59,123,37.235,0
593,Operations          ,0.0,0.0,0.0,0,0,0,0.0,0
594,Marketing           ,0.0,0.0,0.0,0,0,0,0.0,0
595,Engineering         ,17.43,5.0,41.12,5,85,66,41.81,0
596,Legal               ,2.85,1.24,2.92,1,3,250,27.414,0
597,Product Development ,10.11,3.29,31.34,2,56,268,50.3125,1
598,Marketing           ,0.0,0.0,0.0,0,0,0,0.0,0
599,Operations          ,1.21,0.61,7.76,1,14,195,25.1465,0
600,Human Resources     ,0.0,0.0,0.0,0,0,0,0.0,0
601,Engineering         ,2.12,1.01,8.21,1,13,298,35.5685,0
602,Sales               ,2.31,1.28,5.01,1,19,317,38.434000000000005,0
603,IT                  ,14.96,3.79,34.27,2,56,149,40.0935,0
604,Engineering         ,14.93,3.37,30.78,2,51,60,29.134500000000003,0
605,Engineering         ,0.0,0.0,0.0,0,0,0,0.0,0
606,Sales               ,0.33,1.14,2.55,1,17,41,9.411,0
607,Human Resources     ,0.0,0.0,0.0,0,0,0,0.0,0
608,IT                  ,0.0,0.0,0.0,0,0,0,0.0,0
609,Product Development ,1.71,0.72,9.4,1,2,87,11.802,0
610,Engineering         ,1.61,1.21,1.5,1,8,214,24.524500000000003,0
611,Finance             ,2.26,1.95,4.54,1,14,66,12.1475,0
612,Finance             ,0.47,1.79,2.83,1,14,67,11.5075,0
613,Operations          ,0.03,1.73,6.89,1,4,158,18.8165,0
614,Legal               ,0.0,0.0,0.0,0,0,0,0.0,0
615,Sales               ,0.29,1.15,5.08,1,12,318,36.3615,0
616,Marketing           ,14.53,3.56,33.51,2,47,287,51.348000000000006,1
617,Finance             ,2.1,1.57,4.49,1,16,176,23.5105,0
618,Customer Support    ,13.34,3.68,37.67,2,57,104,36.172,0
619,Finance             ,0.0,0.0,0.0,0,0,0,0.0,0
620,Finance             ,1.72,1.63,7.21,1,8,211,25.4935,0
621,Legal               ,2.45,1.98,5.72,1,8,182,22.529,0
622,IT                  ,0.0,0.0,0.0,0,0,0,0.0,0
623,Sales               ,0.0,0.0,0.0,0,0,0,0.0,0
624,Sales               ,0.0,0.0,0.0,0,0,0,0.0,0
625,IT                  ,0.16,0.9,5.25,1,8,70,10.507,0
626,Engineering         ,0.9,0.31,7.5,1,10,260,30.4575,0
627,IT                  ,13.54,3.54,34.25,2,53,90,33.093,0
628,Engineering         ,0.0,0.0,0.0,0,0,0,0.0,0
629,Customer Support    ,0.0,0.0,0.0,0,0,0,0.0,0
630,Legal               ,0.0,0.0,0.0,0,0,0,0.0,0
631,Legal               ,0.0,0.0,0.0,0,0,0,0.0,0
632,IT                  ,0.0,0.0,0.0,0,0,0,0.0,0
633,Customer Support    ,10.45,3.15,39.32,2,56,302,55.3415,1
634,Legal               ,13.07,3.86,30.81,2,49,144,36.791,0
635,IT                  ,0.0,0.0,0.0,0,0,0,0.0,0
636,Marketing           ,2.44,1.36,8.11,1,19,148,22.200000000000003,0
637,IT                  ,13.99,3.69,38.12,2,58,302,56.444500000000005,1
638,IT                  ,2.48,0.13,9.03,1,5,139,17.6845,0
639,Engineering         ,0.0,0.0,0.0,0,0,0,0.0,0
640,Customer Support    ,0.0,0.0,0.0,0,0,0,0.0,0
641,IT                  ,15.97,4.41,48.27,4,62,216,51.8505,1
642,Engineering         ,0.0,0.0,0.0,0,0,0,0.0,0
643,Human Resources     ,0.0,0.0,0.0,0,0,0,0.0,0
644,Product Development ,0.0,0.0,0.0,0,0,0,0.0,0
645,Product Development ,0.0,0.0,0.0,0,0,0,0.0,0
646,Finance             ,0.0,0.0,0.0,0,0,0,0.0,0
647,Engineering         ,2.79,1.04,7.19,1,18,261,33.056000000000004,0
648,IT                  ,0.0,0.0,0.0,0,0,0,0.0,0
649,Marketing           ,1.61,1.57,4.27,1,17,97,15.718500000000002,0
650,Customer Support    ,2.19,0.57,5.91,1,4,221,25.0625,0
651,Marketing           ,10.31,3.66,32.77,3,46,196,41.231,0
652,Legal               ,0.0,0.0,0.0,0,0,0,0.0,0
653,Product Development ,1.85,1.01,5.04,1,15,298,35.3805,0
654,Sales               ,0.0,0.0,0.0,0,0,0,0.0,0
655,Product Development ,2.51,1.76,7.92,1,15,41,10.576,0
656,Legal               ,11.44,3.17,30.46,2,41,112,31.0225,0
657,Engineering         ,0.0,0.0,0.0,0,0,0,0.0,0
658,Engineering         ,11.08,3.41,34.97,3,60,149,40.5625,0
659,Finance             ,2.25,0.86,7.42,1,1,144,16.999000000000002,0
660,Legal               ,2.53,0.43,7.56,1,19,221,29.1755,0
661,Marketing           ,12.32,3.3,32.0,2,48,272,49.289,0
662,Marketing           ,0.36,0.98,5.13,1,13,294,34.193000000000005,0
663,Product Development ,0.0,0.0,0.0,0,0,0,0.0,0
664,Legal               ,10.97,3.46,38.13,2,60,72,33.285000000000004,0
665,Human Resources     ,11.65,3.23,30.51,3,51,143,36.8895,0
666,Customer Support    ,1.13,1.32,2.7,1,13,105,15.046,0
667,Product Development ,1.68,1.69,1.36,1,8,229,26.1305,0
668,Human Resources     ,0.17,0.24,4.62,1,15,227,27.668000000000003,0
669,Finance             ,0.94,0.07,7.62,1,9,18,5.9795,0
670,Operations          ,0.0,0.0,0.0,0,0,0,0.0,0
671,Human Resources     ,2.34,1.27,3.57,1,6,271,30.2995,0
672,Operations          ,19.51,4.99,45.97,5,100,229,63.24350000000001,1
673,Legal               ,0.0,0.0,0.0,0,0,0,0.0,0
674,Operations          ,11.33,3.89,36.55,3,47,33,26.1985,0
675,IT                  ,0.0,0.0,0.0,0,0,0,0.0,0
676,Sales               ,1.29,1.95,4.5,1,14,277,33.045500000000004,0
677,Legal               ,13.36,3.95,34.7,3,45,320,54.4495,1
678,Marketing           ,2.47,0.09,7.32,1,1,247,27.130500000000005,0
679,Finance             ,0.0,0.0,0.0,0,0,0,0.0,0
680,IT                  ,0.0,0.0,0.0,0,0,0,0.0,0
681,Sales               ,11.67,3.99,33.5,2,45,248,46.4815,0
682,Sales               ,14.67,3.53,30.29,2,54,281,51.8745,1
683,IT                  ,10.37,3.68,36.19,2,50,70,30.132,0
684,Human Resources     ,2.31,0.76,7.45,1,11,219,26.992000000000004,0
685,Product Development ,10.78,3.23,34.58,2,41,139,34.4295,0
686,Engineering         ,0.0,0.0,0.0,0,0,0,0.0,0
687,Product Development ,0.0,0.0,0.0,0,0,0,0.0,0
688,Human Resources     ,0.0,0.0,0.0,0,0,0,0.0,0
689,Finance             ,0.83,0.46,1.21,1,6,161,18.323,0
690,Legal               ,0.0,0.0,0.0,0,0,0,0.0,0
691,Human Resources     ,0.0,0.0,0.0,0,0,0,0.0,0
692,IT                  ,0.0,0.0,0.0,0,0,0,0.0,0
693,Sales               ,0.0,0.0,0.0,0,0,0,0.0,0
694,Legal               ,0.0,0.0,0.0,0,0,0,0.0,0
695,Finance             ,14.58,3.17,39.56,2,43,166,39.37050000000001,0
696,Finance             ,11.95,3.83,32.68,2,53,116,35.133500000000005,0
697,Human Resources     ,0.0,0.0,0.0,0,0,0,0.0,0
698,Finance             ,14.31,3.53,31.35,2,59,246,49.7645,0
699,Engineering         ,14.41,3.25,32.2,3,52,112,34.9345,0
700,Legal               ,0.29,1.68,3.98,1,6,277,30.674000000000003,0
701,Legal               ,14.2,3.91,39.72,3,58,221,48.9615,0
702,Sales               ,2.42,0.56,5.92,1,8,24,6.408,0
703,Legal               ,15.52,4.37,63.5,5,91,133,53.9465,1
704,Engineering         ,1.5,1.08,8.11,1,4,210,24.392,0
705,Customer Support    ,0.0,0.0,0.0,0,0,0,0.0,0
706,Sales               ,14.07,3.56,37.44,2,48,70,30.592,0
707,Sales               ,1.89,0.5,9.93,1,16,170,23.689,0
708,Customer Support    ,0.0,0.0,0.0,0,0,0,0.0,0
709,Finance             ,0.28,0.21,9.65,1,3,42,7.1885,0
710,Sales               ,0.0,0.0,0.0,0,0,0,0.0,0
711,Legal               ,0.0,0.0,0.0,0,0,0,0.0,0
712,Operations          ,1.94,0.06,5.87,1,11,189,23.427000000000003,0
713,IT                  ,12.67,3.23,30.41,3,48,58,27.8235,0
714,Product Development ,12.68,3.73,35.96,3,48,63,29.5605,0
715,Operations          ,2.93,0.96,3.04,1,15,43,9.684,0
716,Customer Support    ,0.75,1.69,9.92,1,7,119,16.4065,0
717,Customer Support    ,0.0,0.0,0.0,0,0,0,0.0,0
718,Customer Support    ,1.52,0.69,5.56,1,16,191,24.8885,0
719,Operations          ,0.08,1.42,1.08,1,14,123,16.587,0
720,Customer Support    ,1.8,1.08,6.05,1,1,39,6.19,0
721,Product Development ,0.0,0.0,0.0,0,0,0,0.0,0
722,Product Development ,0.05,1.09,7.01,1,11,78,12.4345,0
723,Legal               ,0.0,0.0,0.0,0,0,0,0.0,0
724,IT                  ,0.0,0.0,0.0,0,0,0,0.0,0
725,Operations          ,0.0,0.0,0.0,0,0,0,0.0,0
726,Marketing           ,0.0,0.0,0.0,0,0,0,0.0,0
727,Customer Support    ,0.0,0.0,0.0,0,0,0,0.0,0
728,Product Development ,0.0,0.0,0.0,0,0,0,0.0,0
729,Legal               ,1.12,0.49,9.0,1,2,45,7.346500000000001,0
730,Finance             ,2.46,1.88,1.51,1,6,73,10.264,0
731,IT                  ,10.78,3.57,36.75,3,60,283,54.2985,1
732,Finance             ,17.78,4.88,57.55,4,86,166,55.186,1
733,Operations          ,0.0,0.0,0.0,0,0,0,0.0,0
734,Sales               ,0.0,0.0,0.0,0,0,0,0.0,0
735,Sales               ,2.2,0.57,2.69,1,14,272,32.020500000000006,0
736,Legal               ,0.91,1.73,9.32,1,18,250,32.1785,0
737,Human Resources     ,2.11,0.61,2.87,1,7,171,20.198500000000003,0
738,Legal               ,10.47,3.98,36.25,2,55,241,48.589,0
739,Human Resources     ,0.0,0.0,0.0,0,0,0,0.0,0
740,Engineering         ,11.51,3.44,33.06,2,58,275,52.174,1
741,Legal               ,13.51,3.17,35.35,2,47,266,49.3145,0
742,Customer Support    ,12.79,3.2,36.44,2,54,43,28.846,0
743,Sales               ,12.13,3.5,37.63,2,56,73,32.527,0
744,Product Development ,0.47,1.79,5.46,1,10,217,26.033500000000004,0
745,Operations          ,0.0,0.0,0.0,0,0,0,0.0,0
746,Engineering         ,0.0,0.0,0.0,0,0,0,0.0,0
747,Operations          ,0.6,0.61,8.97,1,13,138,19.3165,0
748,Product Development ,1.09,1.29,9.58,1,14,67,12.8565,0
749,Product Development ,0.0,0.0,0.0,0,0,0,0.0,0
750,Operations          ,0.0,0.0,0.0,0,0,0,0.0,0
751,Human Resources     ,0.0,0.0,0.0,0,0,0,0.0,0
752,Customer Support    ,0.0,0.0,0.0,0,0,0,0.0,0
753,IT                  ,13.09,3.18,34.29,2,48,174,40.071,0
754,Product Development ,10.79,3.21,37.63,2,48,260,48.8865,0
755,Legal               ,0.0,0.0,0.0,0,0,0,0.0,0
756,IT                  ,1.87,0.25,5.32,1,7,309,34.350500000000004,0
757,Product Development ,0.0,0.0,0.0,0,0,0,0.0,0
758,Marketing           ,10.67,3.23,34.34,2,56,172,41.4095,0
759,Operations          ,0.86,1.52,6.01,1,11,266,31.304,0
760,Customer Support    ,0.35,0.75,7.83,1,17,224,28.673500000000004,0
761,Operations          ,1.87,0.22,1.45,1,8,127,15.619000000000002,0
762,Human Resources     ,0.0,0.0,0.0,0,0,0,0.0,0
763,Operations          ,10.65,3.75,30.0,2,41,136,33.3175,0
764,Finance             ,0.0,0.0,0.0,0,0,0,0.0,0
765,Marketing           ,18.19,4.76,51.56,4,67,205,53.19,1
766,Product Development ,14.9,3.75,38.46,2,54,271,52.6095,1
767,Customer Support    ,2.27,0.58,9.97,1,6,27,6.993,0
768,Human Resources     ,16.0,4.76,50.45,4,84,284,64.68,1
769,IT                  ,19.99,4.98,57.98,4,85,247,63.589,1
770,Engineering         ,0.7,1.12,9.54,1,12,96,15.128000000000002,0
771,Engineering         ,0.7,1.75,6.09,1,1,316,33.8455,0
772,Product Development ,0.0,0.0,0.0,0,0,0,0.0,0
773,Legal               ,0.0,0.0,0.0,0,0,0,0.0,0
774,Finance             ,0.11,0.19,1.63,1,3,252,26.545500000000004,0
775,Human Resources     ,0.0,0.0,0.0,0,0,0,0.0,0
776,Finance             ,13.47,3.73,37.76,2,56,252,50.7785,1
777,Product Development ,0.0,0.0,0.0,0,0,0,0.0,0
778,Sales               ,0.0,0.0,0.0,0,0,0,0.0,0
779,Marketing           ,14.76,3.53,34.36,3,50,279,51.706500000000005,1
780,Marketing           ,0.21,1.97,7.78,1,7,110,15.0405,0
781,Customer Support    ,1.56,0.25,8.83,1,12,227,28.0405,0
782,Legal               ,0.0,0.0,0.0,0,0,0,0.0,0
783,Product Development ,0.0,0.0,0.0,0,0,0,0.0,0
784,Sales               ,2.07,1.62,2.31,1,0,313,32.781,0
785,Engineering         ,0.37,1.03,9.7,1,1,165,19.2215,0
786,Operations          ,11.55,3.97,35.12,3,54,95,33.9265,0
787,Customer Support    ,0.65,0.94,9.47,1,12,95,14.959,0
788,Human Resources     ,14.17,3.92,31.54,2,52,138,37.322,0
789,Marketing           ,0.52,1.06,4.71,1,13,285,33.261,0
790,Customer Support    ,2.24,0.43,5.77,1,13,37,8.8595,0
791,Finance             ,13.75,3.92,33.96,2,59,26,28.272,0
792,Human Resources     ,2.06,1.47,5.81,1,15,187,24.5915,0
793,Engineering         ,1.69,1.05,2.94,1,4,98,12.1885,0
794,Product Development ,18.7,4.23,40.16,5,69,113,42.3795,0
795,IT                  ,1.62,1.07,2.73,1,19,102,16.2875,0
796,Finance             ,11.83,3.46,30.41,3,45,133,34.463,0
797,Product Development ,2.6,0.07,9.71,1,10,171,22.2795,0
798,Operations          ,14.3,3.31,34.11,2,57,308,55.959500000000006,1
799,Human Resources     ,14.58,3.65,33.36,2,52,148,38.700500000000005,0
800,Human Resources     ,0.72,1.96,8.21,1,6,149,18.876,0
801,Operations          ,0.0,0.0,0.0,0,0,0,0.0,0
802,Marketing           ,0.4,0.44,2.34,1,15,293,33.908,0
803,Operations          ,12.99,3.14,32.39,2,50,244,47.161,0
804,Operations          ,0.0,0.0,0.0,0,0,0,0.0,0
805,IT                  ,11.25,3.7,38.82,2,44,286,50.939,1
806,Engineering         ,12.76,3.97,39.46,2,52,305,55.3365,1
807,Finance             ,11.5,3.35,32.81,2,45,171,38.4495,0
808,Product Development ,0.0,0.0,0.0,0,0,0,0.0,0
809,IT                  ,13.45,3.38,32.05,2,60,75,32.845,0
810,Operations          ,2.3,1.91,7.92,1,16,95,16.2215,0
811,Engineering         ,0.0,0.0,0.0,0,0,0,0.0,0
812,Operations          ,15.18,4.3,45.21,4,76,35,36.453,0
813,Sales               ,2.94,0.62,2.05,1,3,68,8.903,0
814,Product Development ,0.0,0.0,0.0,0,0,0,0.0,0
815,Product Development ,0.0,0.0,0.0,0,0,0,0.0,0
816,IT                  ,0.0,0.0,0.0,0,0,0,0.0,0
817,IT                  ,0.0,0.0,0.0,0,0,0,0.0,0
818,Engineering         ,0.0,0.0,0.0,0,0,0,0.0,0
819,Sales               ,0.0,0.0,0.0,0,0,0,0.0,0
820,Marketing           ,0.87,0.74,4.17,1,4,55,7.893,0
821,Legal               ,11.27,3.23,36.62,2,49,197,42.7355,0
822,IT                  ,0.69,0.78,7.8,1,1,307,33.043000000000006,0
823,Operations          ,11.38,3.78,32.58,2,50,197,42.337,0
824,IT                  ,0.01,0.73,3.38,1,15,143,19.1105,0
825,Human Resources     ,2.33,1.11,4.79,1,8,205,24.4015,0
826,Product Development ,13.73,3.46,33.41,2,60,244,50.093,1
827,Human Resources     ,0.54,1.66,7.89,1,6,177,21.501,0
828,Finance             ,1.71,1.93,4.98,1,2,142,16.7205,0
829,Customer Support    ,0.62,0.13,4.37,1,6,118,14.5305,0
830,Finance             ,0.0,0.0,0.0,0,0,0,0.0,0
831,Operations          ,0.0,0.0,0.0,0,0,0,0.0,0
832,Operations          ,13.72,3.17,34.41,2,50,17,25.0185,0
833,Product Development ,0.0,0.0,0.0,0,0,0,0.0,0
834,Human Resources     ,2.37,0.79,4.1,1,6,13,4.491499999999999,0
835,Human Resources     ,0.0,0.0,0.0,0,0,0,0.0,0
836,Legal               ,0.0,0.0,0.0,0,0,0,0.0,0
837,Engineering         ,0.0,0.0,0.0,0,0,0,0.0,0
838,Marketing           ,2.33,0.94,8.36,1,7,217,26.023000000000003,0
839,IT                  ,10.7,3.56,32.93,2,48,182,40.216,0
840,Customer Support    ,0.0,0.0,0.0,0,0,0,0.0,0
841,Human Resources     ,0.0,0.0,0.0,0,0,0,0.0,0
842,Finance             ,0.69,1.07,8.65,1,4,135,16.8355,0
843,Human Resources     ,1.6,1.8,5.04,1,2,84,10.878,0
844,Engineering         ,1.87,0.2,3.14,1,1,80,9.502,0
845,Sales               ,2.65,0.18,8.98,1,2,309,33.971000000000004,0
846,Human Resources     ,1.01,1.08,1.69,1,0,307,31.710000000000004,0
847,Sales               ,14.2,4.0,35.1,2,53,249,49.41,0
848,Product Development ,14.13,3.72,31.15,2,43,131,34.236000000000004,0
849,Human Resources     ,2.18,1.98,8.81,1,12,301,35.993,0
850,Engineering         ,0.0,0.0,0.0,0,0,0,0.0,0
851,Marketing           ,13.31,3.94,37.92,2,50,256,49.731,0
852,Engineering         ,0.0,0.0,0.0,0,0,0,0.0,0
853,Sales               ,10.8,3.98,39.02,2,50,33,27.159,0
854,Operations          ,14.74,3.22,34.02,2,54,305,54.957,1
855,Engineering         ,10.46,3.47,32.56,2,56,270,50.8715,1
856,Customer Support    ,14.64,3.9,33.67,2,46,161,38.637,0
857,Human Resources     ,0.0,0.0,0.0,0,0,0,0.0,0
858,Customer Support    ,1.11,1.74,2.66,1,3,136,15.739,0
859,Finance             ,12.66,3.19,32.8,3,51,86,31.8395,0
860,Engineering         ,1.59,1.5,8.88,1,18,68,13.969,0
861,Engineering         ,14.08,3.87,31.1,2,58,188,43.703500000000005,0
862,Operations          ,1.65,1.43,1.67,1,0,93,10.5215,0
863,Finance             ,2.5,1.71,2.46,1,2,253,27.4195,0
864,Customer Support    ,13.32,3.63,35.19,3,43,127,34.6595,0
865,Product Development ,2.49,1.12,3.97,1,19,199,26.422000000000004,0
866,IT                  ,1.97,1.75,2.23,1,18,285,34.4775,0
867,Product Development ,14.79,3.32,34.95,2,44,28,24.978000000000005,0
868,Operations          ,0.0,0.0,0.0,0,0,0,0.0,0
869,Operations          ,0.97,0.59,5.86,1,2,107,12.9135,0
870,Engineering         ,1.84,0.47,4.59,1,3,254,27.753500000000003,0
871,Human Resources     ,0.0,0.0,0.0,0,0,0,0.0,0
872,Engineering         ,1.3,0.23,4.23,1,1,309,32.5135,0
873,Legal               ,0.16,0.96,2.64,1,19,85,14.25,0
874,Marketing           ,11.26,3.89,39.77,2,55,23,27.628500000000003,0
875,Customer Support    ,0.98,0.43,4.36,1,16,221,27.4755,0
876,Human Resources     ,0.0,0.0,0.0,0,0,0,0.0,0
877,Sales               ,2.99,1.05,4.14,1,2,201,22.4885,0
878,Human Resources     ,1.47,1.68,6.33,1,13,14,6.83,0
879,Finance             ,12.39,3.48,36.25,2,56,245,49.498000000000005,0
880,Marketing           ,10.7,3.91,38.57,3,49,54,29.0815,0
881,Customer Support    ,14.51,3.52,31.93,3,47,134,35.918,0
882,Finance             ,0.3,0.29,9.55,1,16,217,27.942500000000003,0
883,Sales               ,1.47,1.33,5.73,1,7,220,25.7225,0
884,Engineering         ,0.69,0.08,5.68,1,18,292,35.194,0
885,Sales               ,11.65,3.76,33.5,2,50,99,32.77,0
886,Legal               ,0.97,1.13,5.92,1,3,48,7.410500000000001,0
887,Marketing           ,0.11,0.91,1.93,1,5,195,21.5855,0
888,Customer Support    ,12.17,3.15,37.14,2,44,200,42.0495,0
889,Operations          ,0.0,0.0,0.0,0,0,0,0.0,0
890,Marketing           ,1.58,1.01,4.86,1,15,228,28.2905,0
891,Customer Support    ,0.0,0.0,0.0,0,0,0,0.0,0
892,Customer Support    ,0.0,0.0,0.0,0,0,0,0.0,0
893,Customer Support    ,1.66,0.99,8.69,1,9,157,20.4675,0
894,Engineering         ,0.0,0.0,0.0,0,0,0,0.0,0
895,Operations          ,0.0,0.0,0.0,0,0,0,0.0,0
896,Product Development ,0.0,0.0,0.0,0,0,0,0.0,0
897,Sales               ,2.03,0.23,7.41,1,4,67,9.8455,0
898,Product Development ,14.21,3.58,34.91,3,59,151,41.169,0
899,IT                  ,1.99,1.8,2.61,1,1,53,7.120000000000001,0
900,Human Resources     ,0.0,0.0,0.0,0,0,0,0.0,0
901,Legal               ,13.64,3.82,37.15,3,55,247,50.163,1
902,Marketing           ,0.0,0.0,0.0,0,0,0,0.0,0
903,Customer Support    ,1.73,0.58,9.07,1,14,173,23.305,0
904,Product Development ,0.0,0.0,0.0,0,0,0,0.0,0
905,IT                  ,0.0,0.0,0.0,0,0,0,0.0,0
906,Engineering         ,0.28,0.79,4.81,1,12,107,15.1155,0
907,Legal               ,0.0,0.0,0.0,0,0,0,0.0,0
908,Legal               ,10.48,3.6,38.86,2,44,140,36.168,0
909,IT                  ,0.0,0.0,0.0,0,0,0,0.0,0
910,IT                  ,0.0,0.0,0.0,0,0,0,0.0,0
911,Marketing           ,0.64,1.35,7.41,1,4,155,18.6475,0
912,Finance             ,13.12,3.37,37.85,2,51,209,45.0865,0
913,Marketing           ,14.47,3.72,37.94,2,55,184,43.962,0
914,Product Development ,0.43,1.72,5.1,1,19,157,22.186,0
915,Product Development ,0.0,0.0,0.0,0,0,0,0.0,0
916,Customer Support    ,1.4,0.32,6.55,1,19,122,18.82,0
917,Sales               ,1.03,0.79,2.82,1,6,226,25.2675,0
918,Legal               ,0.0,0.0,0.0,0,0,0,0.0,0
919,Human Resources     ,13.08,3.45,35.53,2,53,128,37.03450000000001,0
920,Legal               ,0.0,0.0,0.0,0,0,0,0.0,0
921,Finance             ,0.0,0.0,0.0,0,0,0,0.0,0
922,Sales               ,0.0,0.0,0.0,0,0,0,0.0,0
923,Operations          ,1.62,0.96,6.02,1,8,161,20.068,0
924,Operations          ,0.0,0.0,0.0,0,0,0,0.0,0
925,Finance             ,14.55,3.98,37.33,2,47,284,51.92100000000001,1
926,Operations          ,2.95,0.86,7.18,1,18,130,19.941000000000003,0
927,Customer Support    ,14.05,4.0,33.32,2,51,37,27.324,0
928,Legal               ,11.8,3.84,39.52,3,52,97,34.524,0
929,Operations          ,1.27,0.58,6.83,1,11,260,30.715,0
930,Operations          ,0.73,0.21,2.71,1,17,208,25.9905,0
931,Marketing           ,13.34,3.74,39.54,2,60,189,45.81100000000001,0
932,Engineering         ,14.95,3.98,32.53,3,42,314,52.991,1
933,Legal               ,0.0,0.0,0.0,0,0,0,0.0,0
934,Operations          ,2.33,0.53,5.89,1,1,90,11.2265,0
935,Operations          ,0.0,0.0,0.0,0,0,0,0.0,0
936,Human Resources     ,0.0,0.0,0.0,0,0,0,0.0,0
937,Engineering         ,2.01,0.38,9.65,1,6,156,19.727000000000004,0
938,Engineering         ,12.5,3.23,34.24,2,47,236,45.9055,0
939,Customer Support    ,0.38,1.65,4.39,1,10,213,25.3665,0
940,Product Development ,1.19,1.24,7.7,1,3,108,13.838,0
941,Product Development ,16.52,4.97,48.06,5,91,275,65.4085,1
942,Marketing           ,0.0,0.0,0.0,0,0,0,0.0,0
943,Operations          ,2.12,0.49,9.32,1,19,226,29.960500000000003,0
944,Marketing           ,1.83,1.59,9.04,1,14,69,13.1715,0
945,Operations          ,0.0,0.0,0.0,0,0,0,0.0,0
946,Human Resources     ,0.0,0.0,0.0,0,0,0,0.0,0
947,Operations          ,11.44,3.25,36.39,2,48,234,46.1785,0
948,Product Development ,1.77,0.16,1.32,1,11,251,28.708,0
949,Customer Support    ,1.09,0.7,8.0,1,2,271,29.793000000000003,0
950,Legal               ,0.08,0.5,5.51,1,9,201,23.793000000000003,0
951,IT                  ,0.41,1.68,1.83,1,5,259,28.218000000000004,0
952,Sales               ,0.0,0.0,0.0,0,0,0,0.0,0
953,Product Development ,0.0,0.0,0.0,0,0,0,0.0,0
954,Marketing           ,0.0,0.0,0.0,0,0,0,0.0,0
955,Operations          ,0.0,0.0,0.0,0,0,0,0.0,0
956,Legal               ,10.99,3.53,32.3,2,52,48,27.7405,0
957,Engineering         ,14.53,3.83,30.65,2,59,287,53.843500000000006,1
958,Engineering         ,10.35,3.43,34.73,3,42,110,31.9735,0
959,Engineering         ,0.0,0.0,0.0,0,0,0,0.0,0
960,Legal               ,0.0,0.0,0.0,0,0,0,0.0,0
961,Finance             ,0.0,0.0,0.0,0,0,0,0.0,0
962,IT                  ,0.46,1.53,1.21,1,10,155,18.9165,0
963,Operations          ,0.24,0.94,7.47,1,19,148,21.527,0
964,Legal               ,0.0,0.0,0.0,0,0,0,0.0,0
965,Operations          ,0.0,0.0,0.0,0,0,0,0.0,0
966,Product Development ,0.0,0.0,0.0,0,0,0,0.0,0
967,Sales               ,0.0,0.0,0.0,0,0,0,0.0,0
968,Sales               ,2.44,1.16,6.66,1,4,221,25.410000000000004,0
969,Sales               ,0.0,0.0,0.0,0,0,0,0.0,0
970,Product Development ,0.82,1.45,3.57,1,13,197,24.390500000000003,0
971,Product Development ,12.8,3.77,38.02,3,52,19,26.6065,0
972,Marketing           ,0.25,1.17,7.68,1,1,249,27.228500000000004,0
973,Product Development ,14.68,3.3,33.09,3,58,54,30.879,0
974,Human Resources     ,1.07,1.23,6.47,1,10,303,34.8155,0
975,Sales               ,0.0,0.0,0.0,0,0,0,0.0,0
976,IT                  ,0.0,0.0,0.0,0,0,0,0.0,0
977,Human Resources     ,1.89,1.26,5.79,1,14,15,7.051,0
978,Sales               ,0.0,0.0,0.0,0,0,0,0.0,0
979,Legal               ,12.12,3.28,31.18,2,47,170,38.63,0
980,Product Development ,14.46,3.48,37.13,2,50,195,43.588,0
981,Sales               ,0.0,0.0,0.0,0,0,0,0.0,0
982,Engineering         ,0.0,0.0,0.0,0,0,0,0.0,0
983,Human Resources     ,11.42,3.25,31.44,2,50,72,29.4845,0
984,Product Development ,0.0,0.0,0.0,0,0,0,0.0,0
985,Operations          ,16.15,4.56,45.07,4,100,226,61.784,1
986,Legal               ,0.0,0.0,0.0,0,0,0,0.0,0
987,Sales               ,1.56,1.28,9.68,1,11,225,28.018,0
988,Sales               ,0.73,0.98,9.9,1,14,91,15.171,0
989,IT                  ,0.0,0.0,0.0,0,0,0,0.0,0
990,Finance             ,0.0,0.0,0.0,0,0,0,0.0,0
991,Operations          ,1.32,0.81,7.66,1,14,28,8.4985,0
992,Finance             ,2.01,1.57,5.24,1,7,310,34.7925,0
993,Engineering         ,0.0,0.0,0.0,0,0,0,0.0,0
994,Marketing           ,0.27,0.91,9.17,1,17,267,33.2655,0
995,Engineering         ,0.0,0.0,0.0,0,0,0,0.0,0
996,Legal               ,0.0,0.0,0.0,0,0,0,0.0,0
997,IT                  ,0.0,0.0,0.0,0,0,0,0.0,0
998,Operations          ,1.34,0.9,7.68,1,14,111,16.829,0
999,Legal               ,0.0,0.0,0.0,0,0,0,0.0,0
1000,IT                  ,0.0,0.0,0.0,0,0,0,0.0,0
