EmployeeID,Name,Email,Department,Team
1,Jacob Harrison,davidkelly@example.org,Operations,Shark Team
2,Douglas Blankenship,poliver@example.org,Engineering,Epsilon Team
3,James Meza,dballard@example.net,Operations,Delta Team
4,Autumn Nelson,williamashley@example.org,Marketing,Theta Team
5,Leslie Wilcox,jreed@example.com,Engineering,Lion Team
6,Manuel Collier,econner@example.net,Operations,Theta Team
7,Laura Yoder,rcooley@example.org,Marketing,Eagle Team
8,Patricia Lewis,amccarthy@example.org,Legal,Shark Team
9,David Jefferson,ymitchell@example.com,Customer Support,Zeta Team
10,Taylor Zavala,joanna83@example.net,Engineering,Shark Team
11,Lisa Mcbride,bushcarlos@example.com,IT,Lion Team
12,Alexis Jordan,tannerhernandez@example.com,Customer Support,Omega Team
13,Tom Lopez,murphybryan@example.org,Human Resources,Omega Team
14,Darius Baldwin,sarah31@example.com,Customer Support,Sigma Team
15,Emily Austin,tinajimenez@example.com,Legal,Gamma Team
16,Heather Morales,nicholasmclaughlin@example.com,Customer Support,Alpha Team
17,Carolyn Hill,sarah00@example.net,Legal,Lion Team
18,Daniel Sandoval,jasonnunez@example.net,Operations,Delta Team
19,Stephanie Moore,hwatkins@example.org,Legal,Zeta Team
20,Christina Beck,ashley13@example.com,Legal,Alpha Team
21,Sarah Johnson,cynthia13@example.com,Operations,Epsilon Team
22,Noah White,courtney82@example.net,Marketing,Epsilon Team
23,Danielle Clark,michelle94@example.net,Product Development,Theta Team
24,Sarah Perry,castanedajessica@example.net,Operations,Tiger Team
25,Amanda Roberts,smithamanda@example.org,Sales,Gamma Team
26,Gary Shaw,johnny91@example.org,Marketing,Lion Team
27,Kimberly Fisher,bsimpson@example.org,Operations,Gamma Team
28,Leah Williams,brittanykey@example.net,Engineering,Wolf Team
29,David Wallace,johnsonmatthew@example.org,Customer Support,Dragon Team
30,Timothy Bailey,jacob44@example.org,Customer Support,Tiger Team
31,Krystal Garza,armstrongaustin@example.org,Product Development,Hawk Team
32,Robert Brown,wmurray@example.org,Customer Support,Falcon Team
33,Johnathan Fitzpatrick,jonesmarilyn@example.com,Engineering,Theta Team
34,Amber Martin,amandadunn@example.com,Operations,Hawk Team
35,Jessica Galloway,josephmartinez@example.com,Sales,Lambda Team
36,Scott Rhodes,lindarich@example.net,Human Resources,Omega Team
37,Brandon Stokes,reginabarton@example.net,Sales,Shark Team
38,Zachary Russell,lovesydney@example.net,Marketing,Zeta Team
39,Michele Cruz,johnpetersen@example.com,Human Resources,Hawk Team
40,Crystal Reese,simonmatthew@example.com,Engineering,Hawk Team
41,Maria Figueroa,shawnallen@example.org,Product Development,Dragon Team
42,Christopher Simmons,johnchang@example.org,Sales,Delta Team
43,Elizabeth Hicks,christopher90@example.com,Engineering,Lion Team
44,Tammy Frederick,donald85@example.org,Product Development,Wolf Team
45,Holly Bradford,xdurham@example.org,Operations,Alpha Team
46,Ashley Costa,pli@example.net,Customer Support,Zeta Team
47,Jason Thomas,angelabarnes@example.org,Legal,Alpha Team
48,Lindsey Yates,biancajohnson@example.org,Finance,Delta Team
49,William Price,jessica64@example.org,Marketing,Sigma Team
50,Jordan Rodriguez,heather91@example.org,Marketing,Shark Team
51,Ryan Norris,douglasjones@example.com,Sales,Zeta Team
52,Marcus Davidson,alexiscooper@example.net,Operations,Phoenix Team
53,Emily Smith,morgan31@example.com,Finance,Omega Team
54,Amy Smith,david68@example.com,Human Resources,Tiger Team
55,Brenda Bridges,thomasjonathan@example.net,Sales,Eagle Team
56,Francis Hawkins,marieburns@example.net,Customer Support,Hawk Team
57,Richard Russo,qlopez@example.org,Product Development,Delta Team
58,Jackson Jenkins,monicameyers@example.org,Human Resources,Hawk Team
59,John Lowery,matthew08@example.com,Customer Support,Shark Team
60,Leslie Newton,nicholsongrace@example.net,Legal,Wolf Team
61,Tanya Williams,bmccullough@example.net,Product Development,Hawk Team
62,Christopher Juarez,pcox@example.net,Operations,Dragon Team
63,Blake Spence Jr.,richard03@example.com,Human Resources,Zeta Team
64,Paul Potts,christina42@example.org,Operations,Phoenix Team
65,Cristian Walker,steven22@example.com,Operations,Phoenix Team
66,Rebecca Reed,gwilliams@example.net,Operations,Eagle Team
67,Monica Meyers,georgetorres@example.org,Customer Support,Shark Team
68,Jennifer Smith,fhuang@example.org,Operations,Hawk Team
69,Casey Melendez,dunnseth@example.org,Operations,Beta Team
70,Miranda Martin,kathy79@example.net,Finance,Wolf Team
71,Ryan Rosario,jillhoffman@example.com,Legal,Phoenix Team
72,Luis Contreras,david60@example.com,IT,Lion Team
73,Rebecca Hays,perezwilliam@example.net,Customer Support,Eagle Team
74,Lindsey Lane,denise75@example.com,Sales,Wolf Team
75,Jessica Davis,bwalker@example.net,Marketing,Delta Team
76,Julie Shaw,lambertlawrence@example.com,IT,Tiger Team
77,Scott Walters,diana66@example.org,Customer Support,Theta Team
78,Michael Marks,paulconway@example.net,Product Development,Delta Team
79,Diana Allison,jpetersen@example.net,Marketing,Zeta Team
80,Erik Fisher,pmcpherson@example.com,Customer Support,Sigma Team
81,Brandon Powers,marybailey@example.org,Engineering,Lion Team
82,Crystal Mendoza,melissaberry@example.org,Finance,Phoenix Team
83,Tiffany Garcia,kcruz@example.net,Sales,Gamma Team
84,Anthony Burke,kflowers@example.org,Sales,Lambda Team
85,John Duffy,chavezkenneth@example.org,Product Development,Theta Team
86,Karen Fox,ashley21@example.com,Human Resources,Falcon Team
87,David Richardson,vmckenzie@example.com,Legal,Dragon Team
88,Tracy Goodman,sdavis@example.org,Customer Support,Lambda Team
89,Cynthia Johnson,gfrazier@example.org,Legal,Beta Team
90,Melissa Mann,prattangela@example.net,Operations,Alpha Team
91,Darryl Mcdonald,fgrimes@example.com,Customer Support,Lion Team
92,Joseph King,lisacoleman@example.org,Marketing,Theta Team
93,Cody Barnes,joejohnson@example.com,Human Resources,Shark Team
94,Melissa Delacruz,daniel20@example.com,Operations,Alpha Team
95,Lindsey Dennis DVM,glamb@example.net,Operations,Phoenix Team
96,Mike Cooper,rebeccaweaver@example.com,Human Resources,Hawk Team
97,Sophia Erickson PhD,tammy28@example.net,Human Resources,Eagle Team
98,Kaylee Garner,cheryl89@example.com,IT,Dragon Team
99,Travis Cooper,ggraves@example.org,Engineering,Rhino Team
100,Sarah Woodard,tvilla@example.org,Legal,Epsilon Team
101,John Owens,jameswhite@example.org,Marketing,Hawk Team
102,Rachel Hayes,rachaelsantiago@example.com,Sales,Rhino Team
103,Howard Barr,heatherbishop@example.com,Customer Support,Omega Team
104,Jessica Russell,mannmichael@example.com,IT,Shark Team
105,Reginald Wiley,david86@example.com,Legal,Alpha Team
106,Elizabeth Wilson PhD,kwall@example.org,Marketing,Zeta Team
107,David Dunn,xherrera@example.com,Customer Support,Beta Team
108,Scott Beck,jonesanthony@example.com,Sales,Phoenix Team
109,Amy Howard,christianburns@example.com,Human Resources,Theta Team
110,Melissa Bender,lewismonique@example.com,Customer Support,Eagle Team
111,Timothy Deleon,pottersara@example.com,IT,Wolf Team
112,Mark Moore,jonathansparks@example.org,Marketing,Gamma Team
113,Joshua Jones,michaelmarshall@example.com,Customer Support,Lambda Team
114,Luke Gamble Jr.,cgalloway@example.com,IT,Lion Team
115,Michael Salinas,tiffany55@example.com,Product Development,Eagle Team
116,Stephanie Nguyen MD,christinachavez@example.net,IT,Sigma Team
117,Lori Bowers,ricardo21@example.com,Marketing,Zeta Team
118,Mark Green,thompsondean@example.org,Legal,Lambda Team
119,Rebecca Williams,rford@example.org,Legal,Phoenix Team
120,Bradley Lewis,christopherabbott@example.org,Customer Support,Delta Team
121,Christina Williams,ssexton@example.net,IT,Hawk Team
122,Rhonda Bennett,rebeccaanderson@example.net,Human Resources,Delta Team
123,Michael Romero,barnetttracy@example.net,Engineering,Tiger Team
124,Donna Hernandez,danielsarah@example.com,Engineering,Tiger Team
125,Linda Crawford,holderthomas@example.net,Legal,Beta Team
126,Tina Floyd,ywilkins@example.org,IT,Sigma Team
127,Ashley Miller,jacob51@example.com,Sales,Lion Team
128,Jose Rodgers,irichardson@example.com,Human Resources,Zeta Team
129,Justin Castillo,hughesnicole@example.org,Customer Support,Phoenix Team
130,Peter Hanson,nicholas14@example.net,Legal,Sigma Team
131,Ashley Jackson,meyerchristian@example.org,Operations,Theta Team
132,Justin Myers,orosales@example.com,Sales,Hawk Team
133,Lisa Moyer,barbara86@example.com,Sales,Alpha Team
134,Brian Hill,collin22@example.net,Human Resources,Tiger Team
135,Alicia Allen,laurenmonroe@example.net,Human Resources,Zeta Team
136,Jeffrey Walsh,moorelaura@example.org,IT,Shark Team
137,Jean Castillo,jordanmelanie@example.com,Product Development,Hawk Team
138,Dr. Jeffrey Kirby,dianacortez@example.com,Legal,Delta Team
139,Pamela King,uday@example.com,Finance,Eagle Team
140,Terri Adams,sporter@example.org,Marketing,Eagle Team
141,Charles Martinez,whitenicholas@example.com,Sales,Lion Team
142,Karen Jenkins,olsonashley@example.org,IT,Epsilon Team
143,Timothy Hayes,andersondavid@example.com,Sales,Eagle Team
144,Pamela Lopez,johnsonjerome@example.org,Legal,Theta Team
145,Melissa Mcfarland,zcooper@example.net,Product Development,Rhino Team
146,Cassandra Wilkerson,jenniferwilliams@example.net,Operations,Delta Team
147,Lisa Ward,edwardbrown@example.net,Finance,Theta Team
148,Henry Lynch,mariaperez@example.net,Legal,Beta Team
149,David Wolfe,johnbell@example.com,Engineering,Epsilon Team
150,Michael Mcdonald,brendamoore@example.com,Human Resources,Dragon Team
151,Melissa Keith,jose25@example.com,Customer Support,Hawk Team
152,Amber Rogers,kenneth85@example.com,Product Development,Rhino Team
153,Mr. Kevin Bailey,hansenmatthew@example.org,Marketing,Theta Team
154,Jane Hines,reeserobert@example.com,Finance,Hawk Team
155,Robert Reyes,john47@example.net,IT,Zeta Team
156,Jessica Mcdonald,jessicagrimes@example.org,Engineering,Hawk Team
157,Michael Adams,davismark@example.com,Marketing,Phoenix Team
158,John Vang,danaforbes@example.org,Legal,Delta Team
159,Christine Patterson,selenathompson@example.org,Customer Support,Dragon Team
160,Jennifer Murphy,qphelps@example.org,Product Development,Rhino Team
161,Shelby Stone,brandonandrade@example.com,Product Development,Zeta Team
162,Heather Lawson,qgomez@example.org,Legal,Lambda Team
163,Erica Thomas,eric39@example.com,Product Development,Tiger Team
164,William Harris,donald68@example.org,Human Resources,Lion Team
165,Jill Perez,henrychristopher@example.net,Product Development,Dragon Team
166,Daniel Parks,zachary26@example.net,Finance,Tiger Team
167,Joseph Miller,cheryl61@example.org,Customer Support,Gamma Team
168,Dale Johnson,hsmith@example.org,IT,Beta Team
169,Barbara Burton,williamsnicole@example.com,Human Resources,Dragon Team
170,Matthew Carter,fgarcia@example.org,Human Resources,Rhino Team
171,Jerry Cole,byrdnatalie@example.net,IT,Rhino Team
172,Jeremiah Fisher,zromero@example.net,Product Development,Dragon Team
173,Bob Hansen,sgordon@example.net,Operations,Delta Team
174,Andrew Gonzalez,grahamdarryl@example.com,Operations,Rhino Team
175,Mrs. Jessica Reid,smithmichelle@example.com,Customer Support,Epsilon Team
176,Amy Bright,grayjacob@example.net,Sales,Beta Team
177,Timothy White,calvinleon@example.net,Legal,Epsilon Team
178,Jason Mcfarland,lisa91@example.com,Engineering,Beta Team
179,Claire Smith,corey20@example.org,Customer Support,Tiger Team
180,Shari Sherman,margaretdrake@example.com,Engineering,Zeta Team
181,Amanda White,kellyryan@example.net,IT,Theta Team
182,Lawrence Cox,irasmussen@example.net,Legal,Omega Team
183,Kaitlin Walton,kennethpreston@example.net,IT,Hawk Team
184,Bobby Wagner,destinythomas@example.net,IT,Beta Team
185,Sydney Yang,hollywhite@example.net,Customer Support,Phoenix Team
186,Ashley Jones,lorimckee@example.com,Marketing,Alpha Team
187,Jennifer Porter,bramirez@example.com,Customer Support,Alpha Team
188,Shannon Tran,paularocha@example.com,Product Development,Alpha Team
189,Shelly Smith,paynekaitlyn@example.org,Legal,Gamma Team
190,Brian Davis,obrewer@example.com,Sales,Zeta Team
191,Kelly Edwards,steven66@example.com,IT,Alpha Team
192,Kathryn Caldwell,michaelorr@example.net,Human Resources,Tiger Team
193,Colleen Wall,frankstrickland@example.org,Operations,Lambda Team
194,Cindy Brown,jacksonmichael@example.net,Engineering,Epsilon Team
195,Linda Conrad,timothy87@example.com,Engineering,Rhino Team
196,Erik Bailey,courtney55@example.org,IT,Phoenix Team
197,Tiffany Anderson,judyramirez@example.org,IT,Gamma Team
198,Dalton Richardson,smithjon@example.com,Engineering,Theta Team
199,Angela Owens,taylorsteven@example.net,Sales,Beta Team
200,Stephen Miranda,racheljones@example.com,Customer Support,Beta Team
201,Jill Moyer,kpeters@example.org,IT,Lion Team
202,Tiffany Thornton,jhughes@example.com,Product Development,Gamma Team
203,Jared Khan,emily55@example.com,Customer Support,Wolf Team
204,Geoffrey Valdez,ashley89@example.org,Engineering,Tiger Team
205,Renee Brown,perkinskeith@example.com,Engineering,Alpha Team
206,Nancy Torres,jacobrobertson@example.net,Operations,Epsilon Team
207,James Gonzalez,fpeterson@example.net,Engineering,Dragon Team
208,Colin Rivera,robert14@example.net,Operations,Gamma Team
209,Sean Stone,juliecurtis@example.org,Operations,Omega Team
210,Jeffery Reid,castillokatherine@example.net,Product Development,Theta Team
211,Madison Miller,codyhubbard@example.net,Operations,Beta Team
212,Ryan Edwards,piercejohnny@example.com,IT,Sigma Team
213,Lisa Berry,pmolina@example.org,Product Development,Tiger Team
214,Kelsey Myers,lnelson@example.org,Human Resources,Sigma Team
215,Joseph Montes,mario35@example.com,Legal,Dragon Team
216,Sandra Long,philip13@example.com,Operations,Falcon Team
217,Michael Davila,scabrera@example.org,Marketing,Wolf Team
218,Erik Schultz,marymiller@example.net,Engineering,Phoenix Team
219,Aaron Gonzalez,schneidermegan@example.org,Operations,Zeta Team
220,Matthew Gonzalez,kellysmith@example.com,Customer Support,Falcon Team
221,Miss Paula Sherman PhD,katrina69@example.net,Engineering,Delta Team
222,Isaac Martinez,paul70@example.com,Operations,Wolf Team
223,Dakota Jordan,mmonroe@example.com,Finance,Omega Team
224,Melanie David,carpenterdavid@example.com,Product Development,Theta Team
225,Brandi Harris,melissahutchinson@example.org,Operations,Rhino Team
226,Tiffany Smith,angelahawkins@example.org,Operations,Sigma Team
227,Andrew Williams,natalie49@example.net,Sales,Zeta Team
228,Kathleen Monroe,collinslarry@example.com,Customer Support,Lion Team
229,Richard Fuentes,selenamills@example.org,Engineering,Eagle Team
230,Rebecca Martinez,joymurphy@example.org,Engineering,Sigma Team
231,Michael Dixon,opetersen@example.org,Product Development,Falcon Team
232,Troy Richmond,iwatts@example.org,Customer Support,Phoenix Team
233,Jonathan Randall,haleheather@example.net,Operations,Falcon Team
234,Jeanette Bailey,gwolf@example.net,Marketing,Shark Team
235,Anthony Parrish,adamsbrooke@example.org,Customer Support,Wolf Team
236,Scott Weiss,walkerchristopher@example.net,Customer Support,Alpha Team
237,David Marsh,aaronmorgan@example.org,Operations,Sigma Team
238,James Bishop,fisherterri@example.com,Customer Support,Dragon Team
239,Kristopher Williams,allenfisher@example.net,Operations,Shark Team
240,Joseph Sexton,taylorkevin@example.org,Customer Support,Theta Team
241,Eric Sanchez,richardslaura@example.com,Customer Support,Delta Team
242,Jessica Maxwell,amanda75@example.net,Operations,Zeta Team
243,Karen Brown,sergiomathews@example.org,Legal,Beta Team
244,Chad Mitchell,patrickhuff@example.net,Marketing,Alpha Team
245,William Harris,tsimmons@example.com,Customer Support,Sigma Team
246,Anthony Esparza,smithjoshua@example.net,Operations,Shark Team
247,Jeremy Weber,awells@example.com,Product Development,Alpha Team
248,Jeffrey Rodriguez,eric51@example.org,Finance,Hawk Team
249,Diane Sellers,john55@example.org,Finance,Rhino Team
250,Samantha Lindsey,bullockjorge@example.org,Legal,Gamma Team
251,Shari Brooks,kramerheather@example.com,Legal,Lambda Team
252,Natalie Gonzales,xkhan@example.net,Legal,Sigma Team
253,Kenneth Mcguire,wwalker@example.org,Finance,Omega Team
254,Douglas Smith,dustin69@example.net,Finance,Eagle Team
255,Nicole Weber,elizabeth63@example.net,Finance,Falcon Team
256,Benjamin Mclean,ajohnson@example.com,Customer Support,Tiger Team
257,Richard Anderson,omckinney@example.com,Legal,Zeta Team
258,Keith Lozano,michael31@example.com,Legal,Dragon Team
259,Nicholas Estrada,josephburke@example.net,Finance,Alpha Team
260,Teresa Jones,esparzarobin@example.org,Finance,Beta Team
261,Alex Morris,iferguson@example.org,Sales,Lion Team
262,Jennifer Jackson,reedallison@example.com,IT,Beta Team
263,Jonathan Saunders,austincarter@example.com,IT,Zeta Team
264,Rachel Rice,shelbyramirez@example.net,Human Resources,Beta Team
265,Michael Caldwell,ross07@example.com,Finance,Phoenix Team
266,Laura Brown MD,owilson@example.net,Operations,Gamma Team
267,Angela Hendrix,echristensen@example.org,Operations,Hawk Team
268,Douglas Castillo,alex94@example.com,Engineering,Sigma Team
269,Aaron Montes,leon38@example.org,Sales,Dragon Team
270,William Baxter,ywaters@example.com,Sales,Omega Team
271,Kevin Rodriguez,mitchellhunter@example.com,Engineering,Falcon Team
272,Kristina Lambert,jonathan78@example.org,Sales,Beta Team
273,Emily Davis,rbaldwin@example.com,Sales,Alpha Team
274,Carl Brown,kkramer@example.net,Legal,Alpha Team
275,Carlos Kennedy,oscarstewart@example.com,IT,Lion Team
276,Brittany Williams,beltrankatherine@example.org,Marketing,Delta Team
277,Daniel Ruiz,michellebell@example.com,Customer Support,Shark Team
278,John Moran,lori83@example.net,IT,Gamma Team
279,Mr. David Carroll,evanswilliam@example.net,Human Resources,Sigma Team
280,Nathan Harris,bmendez@example.net,Legal,Lambda Team
281,Chelsea Johnson,wisekelly@example.org,Marketing,Tiger Team
282,Cynthia Lloyd,jonesalvin@example.com,Human Resources,Eagle Team
283,Troy Schmitt,brandonpayne@example.org,Sales,Falcon Team
284,Kathleen Thompson,smithdaniel@example.net,Sales,Alpha Team
285,Gina Fuller,ptorres@example.org,Sales,Sigma Team
286,Shawn Kelley,andremeyer@example.net,Sales,Delta Team
287,Sierra Garcia,ustevenson@example.net,Human Resources,Tiger Team
288,Jeffrey Howard,tiffany37@example.com,Legal,Dragon Team
289,Angel Lucas,barnettchristina@example.net,Human Resources,Dragon Team
290,Samantha Delgado,hansenperry@example.net,Human Resources,Sigma Team
291,Jessica Hubbard,mikehunt@example.org,Finance,Omega Team
292,Sarah Melton,moralesjeffrey@example.org,Sales,Rhino Team
293,Teresa Lester,watsonjoshua@example.com,Operations,Gamma Team
294,Richard Moreno,williamjacobson@example.net,Product Development,Zeta Team
295,Mr. Joseph Friedman,christina64@example.net,Sales,Rhino Team
296,Tiffany Burton DDS,evanscarla@example.org,Customer Support,Gamma Team
297,Patrick James,danielsantiago@example.com,Human Resources,Omega Team
298,Lisa Espinoza,moorecharles@example.net,Finance,Dragon Team
299,Tamara Henry,lisamarshall@example.net,Customer Support,Rhino Team
300,James Brown,melaniebender@example.net,Customer Support,Hawk Team
301,Bernard Sanchez,brussell@example.com,IT,Delta Team
302,Hailey Walton,cgamble@example.net,Engineering,Tiger Team
303,George Fischer,paceheather@example.net,Product Development,Omega Team
304,Dawn Moss,melissahodges@example.net,Engineering,Wolf Team
305,Gary Peters,ppowell@example.com,Engineering,Delta Team
306,Dr. Krystal Jarvis,michael14@example.net,Legal,Omega Team
307,David Adams,amygoodwin@example.net,IT,Gamma Team
308,Frances Smith,nhernandez@example.com,Engineering,Beta Team
309,Heather Wilson,robinsonthomas@example.org,Finance,Falcon Team
310,Keith Osborne,ucollins@example.net,Customer Support,Rhino Team
311,Chelsea Kim,anthonywillis@example.net,Marketing,Shark Team
312,Rose Martin,nicholas01@example.org,Engineering,Alpha Team
313,Maria Lang,lydiaphillips@example.net,Finance,Dragon Team
314,Robin Benitez,kevinsharp@example.com,Operations,Sigma Team
315,Dennis Cox,alyssajones@example.com,Finance,Omega Team
316,Jacqueline Tran,fcontreras@example.com,Sales,Gamma Team
317,Rachel Jackson,michael44@example.com,Customer Support,Theta Team
318,Connie Perry,nelsonjeffery@example.com,Human Resources,Eagle Team
319,Kelly Roberts,alexacortez@example.org,Legal,Beta Team
320,Eric Reyes,fergusonmichael@example.com,Customer Support,Epsilon Team
321,Carlos Parker,matthewwilson@example.org,Operations,Phoenix Team
322,James Rodgers,kaitlynbyrd@example.com,Human Resources,Gamma Team
323,Ashley Gonzales,william65@example.org,Operations,Beta Team
324,Ashley Morales,rjohnson@example.com,Finance,Zeta Team
325,Christopher Torres,ilynch@example.net,Finance,Falcon Team
326,William Osborne,willielane@example.com,Engineering,Dragon Team
327,Joel Mccullough MD,brianbuck@example.com,Engineering,Dragon Team
328,Austin Dickson,phillipstraci@example.net,Engineering,Wolf Team
329,Catherine Gill,joshuajames@example.org,Engineering,Shark Team
330,Donna Evans,jacob05@example.org,Customer Support,Falcon Team
331,Jasmine Douglas,wrodriguez@example.org,Engineering,Lambda Team
332,Timothy Anderson,ahanna@example.net,Marketing,Hawk Team
333,Jade Grant,ryan92@example.org,Legal,Zeta Team
334,David Sandoval,beckertammy@example.net,Legal,Delta Team
335,Tiffany Riddle,omays@example.com,Sales,Tiger Team
336,Joseph Jordan,joshuabrown@example.org,Operations,Zeta Team
337,Courtney Cross,suttondavid@example.com,Customer Support,Tiger Team
338,Laura Meyers,michael71@example.com,Finance,Falcon Team
339,Sherri Jarvis,sarahgrant@example.com,Operations,Tiger Team
340,Tina Jimenez,sabrina28@example.org,Customer Support,Zeta Team
341,Brenda Patel,lisacox@example.org,Marketing,Gamma Team
342,Katherine Roth,stacymcdaniel@example.org,Product Development,Falcon Team
343,Kathryn Keller,brianross@example.org,Operations,Phoenix Team
344,Michael Andrews,james61@example.org,Operations,Sigma Team
345,Victoria Jackson,larry83@example.net,Product Development,Eagle Team
346,Raymond Hodges DDS,dawnbell@example.org,Operations,Eagle Team
347,Brandi Harrington,chaneyjames@example.com,Engineering,Epsilon Team
348,Steven Garcia,charles76@example.net,IT,Hawk Team
349,Anthony Watson,andersonrobert@example.org,Marketing,Rhino Team
350,Jennifer Bullock,nthomas@example.com,Engineering,Omega Team
351,Christine Rodriguez,lauren27@example.org,Product Development,Delta Team
352,Carol Myers,debbiegregory@example.org,IT,Lion Team
353,Austin Potter,swallace@example.net,Operations,Wolf Team
354,Tiffany Horne,erin44@example.net,IT,Dragon Team
355,Daniel Gibson,hammondruben@example.org,Operations,Falcon Team
356,Katherine Murphy,jimenezdavid@example.com,Product Development,Eagle Team
357,Robert Martinez,carolynsingh@example.com,Sales,Omega Team
358,Eric Choi,wooddaniel@example.net,Product Development,Eagle Team
359,James Jones,tracyharper@example.org,Operations,Phoenix Team
360,Patrick Miles,arthur17@example.org,Product Development,Dragon Team
361,Amber Evans,kennedyjuan@example.org,Product Development,Rhino Team
362,Roberta Hebert,qpowell@example.net,Finance,Theta Team
363,Ashley Ramsey,ohill@example.com,Customer Support,Shark Team
364,Justin White,csanders@example.org,IT,Alpha Team
365,Joseph Nash,ifreeman@example.com,Sales,Beta Team
366,Karen George,aaronsmith@example.net,Product Development,Hawk Team
367,Alexis Ellis,brandon92@example.net,Legal,Rhino Team
368,Jill Deleon,aking@example.net,Engineering,Sigma Team
369,Kristin Ayers,csantos@example.net,IT,Alpha Team
370,Johnathan Green,matthewrivera@example.org,Product Development,Sigma Team
371,Scott Johnson,khardin@example.com,Human Resources,Epsilon Team
372,Laura Wright,sallyalexander@example.com,Marketing,Theta Team
373,Melissa Smith,andre83@example.net,Customer Support,Shark Team
374,Kimberly Vega,watkinssherry@example.net,Finance,Wolf Team
375,Michael Nolan,wallacejoshua@example.org,Human Resources,Hawk Team
376,Cassandra Jones,michael56@example.com,Product Development,Zeta Team
377,Blake Whitney,madisonlittle@example.com,Engineering,Beta Team
378,Daniel Thomas,gutierrezrenee@example.net,Operations,Lambda Team
379,Lauren Olson,samuelodonnell@example.org,Human Resources,Eagle Team
380,Kenneth King,markpope@example.org,IT,Zeta Team
381,Heather Payne,robinsonkenneth@example.org,IT,Sigma Team
382,Steve Pineda,john35@example.com,Product Development,Dragon Team
383,Brian Nguyen,alvaradobrianna@example.net,IT,Gamma Team
384,Ruben Oneill,heatherbrown@example.net,Operations,Lion Team
385,Stephanie Miller,boylezachary@example.org,Finance,Gamma Team
386,Vincent Craig,jwilkerson@example.net,Human Resources,Epsilon Team
387,James Peterson,newmanshannon@example.net,Engineering,Beta Team
388,Alexandra Campbell,wraymond@example.org,Sales,Dragon Team
389,Alex Phelps,kevinpennington@example.com,Operations,Wolf Team
390,Tanya Knight,imiller@example.net,Product Development,Beta Team
391,Christopher Cohen,debra88@example.net,Engineering,Dragon Team
392,John Rivera,farleykenneth@example.org,Product Development,Tiger Team
393,Sheena Neal,terriduran@example.com,Sales,Shark Team
394,Heather Jackson,david12@example.com,Sales,Tiger Team
395,Lauren Scott,porterjessica@example.com,Legal,Delta Team
396,David Sellers DVM,njohnson@example.org,Finance,Omega Team
397,Jeffery Patton,tracyrichards@example.net,Operations,Eagle Team
398,Andrew Sanders,kathleenmitchell@example.com,Customer Support,Tiger Team
399,Douglas Harris,shane51@example.org,Human Resources,Dragon Team
400,Raymond Dyer,kevin54@example.org,Operations,Hawk Team
401,Arthur Ibarra,jacksonnicole@example.org,Product Development,Tiger Team
402,Antonio Landry,pamelamoore@example.org,Sales,Eagle Team
403,Tyrone Cuevas,robinschwartz@example.org,Finance,Wolf Team
404,Eric Humphrey,benjaminweaver@example.org,Human Resources,Zeta Team
405,Meghan Holmes,hbrown@example.org,Engineering,Zeta Team
406,Jennifer Burton,jamesmiller@example.com,Operations,Gamma Team
407,Nicolas Chapman,meyerkim@example.org,Operations,Epsilon Team
408,Elizabeth Jones,sethcobb@example.com,Finance,Eagle Team
409,Tracy Lowe,tamara43@example.com,IT,Zeta Team
410,Sheena Knox,michaelcox@example.org,IT,Sigma Team
411,Kimberly Pineda,kelly61@example.com,IT,Falcon Team
412,David Lynch,mccallgabriel@example.com,Customer Support,Tiger Team
413,Hayley Norris,john10@example.com,Marketing,Shark Team
414,John Luna,ahester@example.net,Sales,Dragon Team
415,Susan Turner,ericjennings@example.net,Engineering,Epsilon Team
416,Chad Farmer,catherinehuang@example.net,Product Development,Lion Team
417,Terri Martin,mparrish@example.com,Operations,Gamma Team
418,James Smith,brianpittman@example.org,Customer Support,Tiger Team
419,Hannah Snyder,patelpeter@example.org,Engineering,Wolf Team
420,Jessica Sanders,gary68@example.org,Human Resources,Rhino Team
421,Yolanda Villa,millerkim@example.net,Human Resources,Sigma Team
422,David Wall DVM,vramirez@example.org,Customer Support,Rhino Team
423,Gregory Richardson,efoley@example.net,Engineering,Lion Team
424,Rachel Martinez,carriemartin@example.net,Sales,Epsilon Team
425,Austin Gilbert,medinakaren@example.com,Customer Support,Lion Team
426,Denise Sellers,morrissusan@example.com,IT,Epsilon Team
427,Tracy Mccoy,mcfarlandnichole@example.net,Product Development,Theta Team
428,Kenneth Jones,fsparks@example.com,Sales,Tiger Team
429,Ryan Hoffman,maria82@example.net,Finance,Zeta Team
430,Fred Myers,qjohnson@example.com,Operations,Hawk Team
431,Rebecca Wyatt,nielsenjames@example.org,IT,Zeta Team
432,Tara Gonzales,csmith@example.org,Customer Support,Lion Team
433,Jonathan Hoffman,ewong@example.net,Operations,Tiger Team
434,Christopher Jones,qmiller@example.org,Sales,Lion Team
435,Marcus Graves,yangmichelle@example.net,Finance,Sigma Team
436,Amber Rhodes,eschwartz@example.org,Human Resources,Dragon Team
437,Heather Hatfield,donna77@example.com,Operations,Beta Team
438,Thomas Mccoy,martinezkevin@example.com,Product Development,Delta Team
439,Tom Rangel,heidistewart@example.com,Human Resources,Tiger Team
440,William Robertson,moorestacy@example.org,Marketing,Rhino Team
441,Benjamin Johnson,irodriguez@example.org,IT,Sigma Team
442,David Garcia,kathrynruiz@example.com,Marketing,Lambda Team
443,Jay Campos,vgonzales@example.com,Customer Support,Lion Team
444,Russell Mcgrath,joshua00@example.com,IT,Gamma Team
445,Manuel Garcia,daviskevin@example.com,Sales,Rhino Team
446,Jacqueline Young,mark17@example.net,Human Resources,Omega Team
447,Jerry Douglas,ylewis@example.org,IT,Epsilon Team
448,Samantha Hall,hpena@example.com,Operations,Tiger Team
449,Donna Trujillo,lestrada@example.org,Operations,Delta Team
450,Joshua Robinson,wtucker@example.net,Legal,Epsilon Team
451,Veronica Chapman,anthonycummings@example.net,Legal,Omega Team
452,Michael Porter,paul73@example.org,Customer Support,Wolf Team
453,David Benton,david40@example.com,Marketing,Zeta Team
454,Brianna Ware,braycatherine@example.org,Finance,Omega Team
455,Robin Smith,psnyder@example.com,Human Resources,Zeta Team
456,Jennifer Jimenez,rhodesebony@example.com,Engineering,Rhino Team
457,Connie Jones,djackson@example.com,IT,Gamma Team
458,Elizabeth Robinson,ijenkins@example.net,Operations,Epsilon Team
459,Robert Hill,katieallen@example.net,Customer Support,Beta Team
460,Jeremy Lamb,rebekah02@example.org,Operations,Epsilon Team
461,Lisa Hicks,robinsonjoseph@example.com,IT,Alpha Team
462,John Knight,caitlinbrown@example.net,Operations,Delta Team
463,Jesse Rodriguez,espinozakaren@example.org,Operations,Epsilon Team
464,Maria Carter,ricejames@example.org,Product Development,Beta Team
465,Alexis Foster,hayesbradley@example.net,Marketing,Phoenix Team
466,John Evans,inunez@example.org,Product Development,Theta Team
467,Jason Collins,hillbrent@example.org,Customer Support,Epsilon Team
468,James Fields,ufrench@example.com,Human Resources,Lambda Team
469,Clarence Jackson,cervantesrobert@example.com,IT,Tiger Team
470,Heather Brown,rhondamclaughlin@example.net,Legal,Rhino Team
471,Brandon Lopez,barnesdevin@example.com,IT,Delta Team
472,Daniel Scott,trevor78@example.com,Sales,Lambda Team
473,Kristy Stephens,bennettbrandon@example.net,Human Resources,Phoenix Team
474,Michael Snyder,mdrake@example.net,IT,Delta Team
475,Antonio Tyler,brownlindsay@example.org,Finance,Lambda Team
476,Ronald Simmons,romanchristine@example.com,Sales,Beta Team
477,Amanda Washington,walkerangela@example.net,Marketing,Hawk Team
478,Kristen Johnson,evansmary@example.net,Human Resources,Falcon Team
479,Rebecca Rollins,garciadavid@example.net,Product Development,Hawk Team
480,Ralph Brady,jameshoffman@example.com,Product Development,Theta Team
481,Jeremy Dominguez,jwalker@example.com,Legal,Theta Team
482,Brittany Walters,sarah91@example.org,Engineering,Gamma Team
483,Yolanda Woods,michaelsanchez@example.org,IT,Dragon Team
484,Debbie Knight,kimberly74@example.net,Engineering,Tiger Team
485,Patrick Allen,phillipreid@example.com,Marketing,Omega Team
486,Robert Harris,agomez@example.org,Human Resources,Alpha Team
487,Mrs. Andrea Thompson,alvarezregina@example.net,Human Resources,Rhino Team
488,Dr. Brandon Medina,shodges@example.net,Human Resources,Delta Team
489,Jacob Torres,stephanierosales@example.org,Human Resources,Shark Team
490,Tiffany Payne,kristinagreen@example.com,Marketing,Omega Team
491,Kenneth Rodriguez,mcdanieljanet@example.com,Product Development,Lion Team
492,Christopher Rollins,martinshelly@example.org,Product Development,Falcon Team
493,Kevin Hansen,michelle31@example.net,Operations,Dragon Team
494,Kelsey Morgan,oconnelltrevor@example.org,Legal,Eagle Team
495,Brian Montgomery,leonardjason@example.org,Customer Support,Hawk Team
496,Laura Rodriguez,jacobgraves@example.net,Engineering,Omega Team
497,Debra Wright,austin82@example.org,Legal,Falcon Team
498,Anthony Harris,rodriguezalexander@example.net,Product Development,Phoenix Team
499,Julie Gutierrez,troy09@example.net,Marketing,Shark Team
500,Patty Fowler,thomasortega@example.net,Sales,Sigma Team
501,Sarah Bird,irobinson@example.org,Legal,Phoenix Team
502,Alicia Gilbert,ashley27@example.org,Product Development,Zeta Team
503,Cynthia Moore,brandon89@example.org,Product Development,Eagle Team
504,Jessica Castaneda,gwalton@example.org,Finance,Gamma Team
505,Brandon Edwards,hallbilly@example.net,Legal,Lion Team
506,Spencer Wheeler,sandra76@example.org,Operations,Falcon Team
507,Crystal Stone,browningwilliam@example.net,IT,Theta Team
508,Patricia Johnson,ryan43@example.net,Legal,Lion Team
509,Katie Campos,ymiller@example.com,Legal,Epsilon Team
510,Shirley Glass,smithrobert@example.net,Marketing,Shark Team
511,Roy Wilkerson,ymercado@example.org,Marketing,Wolf Team
512,John Perkins,beckcody@example.com,Customer Support,Theta Team
513,Alejandra Johnston,nathan65@example.net,Engineering,Lion Team
514,Michael Newman,perkinskelly@example.org,Sales,Dragon Team
515,John Hunt,heatherjensen@example.net,Legal,Theta Team
516,Jennifer Larson,greenemary@example.org,Product Development,Eagle Team
517,Erica Pierce,joshuataylor@example.net,Legal,Sigma Team
518,Andre Schneider,wrivas@example.net,Customer Support,Dragon Team
519,Eric Walker,wilsonnathaniel@example.org,Customer Support,Omega Team
520,Jeffrey Schmitt,bookeranthony@example.com,Operations,Theta Team
521,Thomas Greene,weaverrita@example.com,Customer Support,Phoenix Team
522,Kevin Oliver,russellzuniga@example.com,IT,Sigma Team
523,Gina Pierce,lthomas@example.com,Human Resources,Theta Team
524,Lori Kelley,laura67@example.com,IT,Zeta Team
525,Charles White,rickgarza@example.org,Operations,Gamma Team
526,Brandon Parker,edwardsedward@example.net,Human Resources,Phoenix Team
527,Kathleen Rodriguez,amanda27@example.com,Sales,Tiger Team
528,Alexander Raymond,jonathanday@example.org,Customer Support,Lambda Team
529,Mr. Richard Hill,christina27@example.net,Marketing,Epsilon Team
530,Harold Miller,nkennedy@example.org,Finance,Theta Team
531,Sarah Dalton,rogerskelly@example.net,Product Development,Phoenix Team
532,William King,bryanhughes@example.com,Finance,Rhino Team
533,Robert Hawkins,mholmes@example.net,Sales,Delta Team
534,George Kelly,qsmith@example.com,Human Resources,Hawk Team
535,Christopher Simmons,joshuadonaldson@example.net,Human Resources,Eagle Team
536,Mary West,rodriguezerin@example.com,Sales,Wolf Team
537,Kimberly Webb,ftaylor@example.net,Marketing,Hawk Team
538,Jessica Baxter,erica46@example.net,Product Development,Beta Team
539,Ronald Jones,darius49@example.org,Finance,Shark Team
540,Andrew Foster MD,yvonneallen@example.com,Customer Support,Theta Team
541,Faith Cook,jenny03@example.com,Marketing,Hawk Team
542,Michelle Jones,michaelwilliams@example.net,Operations,Falcon Team
543,Shane Duran,waustin@example.com,Sales,Theta Team
544,Melissa Cox,cabreraamy@example.org,Marketing,Zeta Team
545,Kelly Dunn,mejiajack@example.org,Product Development,Delta Team
546,Thomas Brown,christinejordan@example.net,Human Resources,Beta Team
547,Sara Davidson,bobby27@example.net,Product Development,Eagle Team
548,Jesus Butler,charlestaylor@example.com,Marketing,Eagle Team
549,Tyler Sanders,moraleschristy@example.net,Legal,Wolf Team
550,Victor Curry,carriewoods@example.com,Finance,Dragon Team
551,Nicole Wong,dstewart@example.org,Engineering,Gamma Team
552,Shannon Rodriguez,daniel42@example.com,Human Resources,Alpha Team
553,Donald Smith,earmstrong@example.net,IT,Rhino Team
554,Brett Galvan,bberry@example.net,Marketing,Zeta Team
555,Megan Garcia,simpsonandrew@example.org,Product Development,Shark Team
556,David Rogers,brandy92@example.org,Sales,Alpha Team
557,Caleb Wilson,timothy66@example.net,Finance,Falcon Team
558,Samantha Brewer,ykerr@example.com,Sales,Theta Team
559,Debra Hanson,natalie45@example.org,Customer Support,Zeta Team
560,Frances Potter,mario03@example.com,Customer Support,Phoenix Team
561,Wendy Braun,gonzalezdawn@example.net,Sales,Epsilon Team
562,Christina Sanchez,jimenezsamantha@example.org,Finance,Alpha Team
563,Thomas Olsen,fmiller@example.org,Finance,Wolf Team
564,Samantha Tanner,caseyelizabeth@example.org,Human Resources,Sigma Team
565,Andrew Lewis,myoung@example.org,Sales,Epsilon Team
566,Jose Cox,reginaldcarter@example.net,IT,Hawk Team
567,Stacy Perry,markpalmer@example.net,Customer Support,Falcon Team
568,Leslie Singh,bradfowler@example.net,Product Development,Falcon Team
569,Stacy Hines,wkidd@example.org,Sales,Zeta Team
570,Jasmine Davis,richardavila@example.com,Legal,Falcon Team
571,Jared Lewis,carrierobinson@example.org,Human Resources,Delta Team
572,Michael Simon,emoran@example.org,Engineering,Delta Team
573,Rebecca Bean,lewislinda@example.org,Customer Support,Alpha Team
574,Brandon White,jacobgomez@example.org,Customer Support,Phoenix Team
575,Isabel Beck,dobrien@example.org,Legal,Delta Team
576,Melissa Barajas,katherinehansen@example.org,Legal,Delta Team
577,Andrew Townsend,alyssabuckley@example.com,Marketing,Omega Team
578,Robert Coleman,christopher39@example.net,Finance,Omega Team
579,Mary Torres,jeffrey95@example.org,Customer Support,Tiger Team
580,Richard Sanders,yhuff@example.org,Product Development,Eagle Team
581,Brianna Sawyer,shirleyhouse@example.net,Product Development,Alpha Team
582,Elizabeth Morrison,cookmatthew@example.net,Customer Support,Zeta Team
583,Michael Johnson,bondcasey@example.net,Legal,Eagle Team
584,Jacqueline Reid,zandersen@example.org,Engineering,Wolf Team
585,Angela Duncan,ronnie76@example.net,Legal,Tiger Team
586,Luke Meyer,michaelbrown@example.net,Legal,Delta Team
587,Anthony Long,thomashughes@example.net,Operations,Rhino Team
588,Adam Bender,lawrencejames@example.com,Customer Support,Sigma Team
589,Jenny Bishop,jennifer81@example.com,Customer Support,Lion Team
590,Alicia Underwood,cassiefry@example.com,Human Resources,Delta Team
591,Michelle Robertson,gknight@example.net,Marketing,Lion Team
592,David Perez,cadams@example.org,Engineering,Omega Team
593,Amy Barber,michaelcervantes@example.net,Operations,Beta Team
594,Emily Jones,johnnywilliams@example.net,Marketing,Shark Team
595,Victoria Smith,lindsey00@example.org,Engineering,Hawk Team
596,Anthony Harris,sheppardtravis@example.net,Legal,Falcon Team
597,Bonnie Brown,christopher59@example.org,Product Development,Beta Team
598,Scott Mitchell,icox@example.com,Marketing,Lion Team
599,Monica Leach,connor72@example.net,Operations,Sigma Team
600,Cathy Maldonado,johnsonrachel@example.org,Human Resources,Zeta Team
601,Katherine Anthony,thomasannette@example.org,Engineering,Tiger Team
602,Brandon Norris,james68@example.net,Sales,Alpha Team
603,Daniel Reynolds,graveskimberly@example.org,IT,Falcon Team
604,Thomas Henderson,ewalsh@example.org,Engineering,Phoenix Team
605,William Benson,robert06@example.org,Engineering,Theta Team
606,Brian Glover,pattersonrobert@example.org,Sales,Epsilon Team
607,Kelly Holmes,ojohnson@example.org,Human Resources,Hawk Team
608,Mario White,martinbenjamin@example.org,IT,Shark Team
609,Daniel Miranda,ysmith@example.com,Product Development,Zeta Team
610,Henry Lopez,rhondalutz@example.org,Engineering,Beta Team
611,Tammy Soto,foxdaniel@example.com,Finance,Epsilon Team
612,Noah Lopez,cheryl65@example.net,Finance,Phoenix Team
613,Andrew Schmidt,storres@example.com,Operations,Rhino Team
614,Alejandra Archer,holly89@example.net,Legal,Rhino Team
615,Laura Green,bentleymichael@example.org,Sales,Gamma Team
616,William Hunt,wvargas@example.com,Marketing,Lambda Team
617,Melanie Roth,cthompson@example.net,Finance,Shark Team
618,Jean Santos,belljanet@example.org,Customer Support,Delta Team
619,Vanessa Sexton DDS,greg45@example.net,Finance,Falcon Team
620,Keith Alvarez,lauren55@example.com,Finance,Phoenix Team
621,Justin Woodward,kevin58@example.net,Legal,Hawk Team
622,David Cook,zbeasley@example.org,IT,Theta Team
623,Sylvia Clements,xsantana@example.com,Sales,Sigma Team
624,Mary Conner,brenda81@example.com,Sales,Lambda Team
625,Brian Brown,alanrodriguez@example.net,IT,Epsilon Team
626,Nancy Peterson,zramos@example.net,Engineering,Theta Team
627,Karen Craig,dedwards@example.net,IT,Omega Team
628,Ryan White,kathleen15@example.com,Engineering,Shark Team
629,Destiny Ritter,lauren47@example.org,Customer Support,Tiger Team
630,Richard Watkins,mathewaguilar@example.com,Legal,Alpha Team
631,Kathy Anderson,danagonzalez@example.com,Legal,Tiger Team
632,Jim Woods,myerstamara@example.com,IT,Falcon Team
633,Craig Snyder,timothy88@example.net,Customer Support,Delta Team
634,Lori Ward,thomasmark@example.com,Legal,Delta Team
635,James Lambert,kelseywells@example.net,IT,Zeta Team
636,Lauren Rodriguez,cabreraandrew@example.org,Marketing,Beta Team
637,Nicole Johnston,goodtracy@example.net,IT,Tiger Team
638,Mitchell Adams,andersoncrystal@example.net,IT,Lambda Team
639,Jason Mcguire,bellis@example.org,Engineering,Dragon Team
640,Diane Salazar,arthur37@example.com,Customer Support,Tiger Team
641,Bryan Hunter,rodriguezcharles@example.org,IT,Falcon Team
642,Michelle Roberts,kathy79@example.org,Engineering,Omega Team
643,Stanley Mueller,jcuevas@example.net,Human Resources,Theta Team
644,Jamie Moore,schmittpamela@example.org,Product Development,Alpha Team
645,Kathleen Garcia,barbarasmith@example.net,Product Development,Theta Team
646,Billy Garcia,paulrodriguez@example.com,Finance,Delta Team
647,Laura Johns,christopherhobbs@example.net,Engineering,Falcon Team
648,Victoria Rhodes,karenevans@example.com,IT,Rhino Team
649,Christine Johnson,nbrown@example.net,Marketing,Alpha Team
650,Joseph Garner,harold08@example.com,Customer Support,Rhino Team
651,Nicholas Mendez,kristensmith@example.org,Marketing,Theta Team
652,Megan Walker,rebeccamartinez@example.org,Legal,Beta Team
653,Brittany Morrison,sdavis@example.com,Product Development,Shark Team
654,Randy Dixon,evanskaren@example.net,Sales,Theta Team
655,Tyler Ramirez,jody00@example.net,Product Development,Dragon Team
656,Keith Wilson,andersontimothy@example.org,Legal,Falcon Team
657,Tammy Henderson,youngjoseph@example.com,Engineering,Sigma Team
658,Margaret Clark,molinarachel@example.net,Engineering,Phoenix Team
659,Nicholas Evans,rwashington@example.net,Finance,Delta Team
660,Faith Potter,collinskathy@example.com,Legal,Zeta Team
661,Cameron Ward,robertmitchell@example.com,Marketing,Sigma Team
662,Paul Hicks,kevin62@example.com,Marketing,Beta Team
663,Pamela Garcia,gracepearson@example.com,Product Development,Wolf Team
664,James Webster,charles17@example.com,Legal,Alpha Team
665,Lance Campbell,jamiecardenas@example.net,Human Resources,Theta Team
666,William Pitts,qwhite@example.org,Customer Support,Eagle Team
667,Robert Hunter,kathleen62@example.org,Product Development,Omega Team
668,Jonathan Roberts,rickeyglenn@example.com,Human Resources,Delta Team
669,Michael Brewer,garciajason@example.com,Finance,Phoenix Team
670,Keith Wagner,jeremy95@example.org,Operations,Wolf Team
671,Kayla Franklin,irwinandrew@example.net,Human Resources,Falcon Team
672,Joshua Santiago,ywilson@example.org,Operations,Falcon Team
673,Jennifer Collier,johnrios@example.com,Legal,Theta Team
674,Timothy Johnson,lorijohnson@example.com,Operations,Zeta Team
675,Jennifer Watson,christy31@example.org,IT,Lambda Team
676,Rachel Clark,benjaminrogers@example.net,Sales,Lambda Team
677,Shane Willis,patelpamela@example.org,Legal,Falcon Team
678,Charles Williams,sthompson@example.net,Marketing,Zeta Team
679,Joseph Fowler,aaron90@example.com,Finance,Omega Team
680,Kristen Nelson,jacksonjesse@example.net,IT,Lambda Team
681,Anita Wright,lesliewright@example.net,Sales,Wolf Team
682,Michael Stephens,conleyhayley@example.net,Sales,Dragon Team
683,Emily Ward,lyates@example.org,IT,Theta Team
684,Megan Bell,jasonbrown@example.net,Human Resources,Delta Team
685,Brian Carr,jasminerobinson@example.com,Product Development,Tiger Team
686,James Miller,larrylane@example.com,Engineering,Beta Team
687,Shawn Hill,christywilliams@example.net,Product Development,Zeta Team
688,Lauren Alvarez,pgonzalez@example.net,Human Resources,Theta Team
689,April Kim,glopez@example.com,Finance,Epsilon Team
690,Trevor Harris,rcollins@example.com,Legal,Alpha Team
691,Jeffrey King,lyonssamantha@example.net,Human Resources,Tiger Team
692,Renee Holmes,jenniferchavez@example.org,IT,Tiger Team
693,Anita Sandoval,martinezkara@example.org,Sales,Epsilon Team
694,Crystal Gonzales,tmurray@example.net,Legal,Sigma Team
695,William Johnson,qcoleman@example.com,Finance,Delta Team
696,Susan Rivas,ihoffman@example.com,Finance,Epsilon Team
697,Elizabeth Marks,wardtiffany@example.net,Human Resources,Theta Team
698,Karen Greene,sarahmorgan@example.net,Finance,Gamma Team
699,George Bush,combsmorgan@example.org,Engineering,Tiger Team
700,Heather Sawyer,yrollins@example.org,Legal,Theta Team
701,Adam Garza,hwebb@example.com,Legal,Lion Team
702,Gina King,garywebb@example.net,Sales,Alpha Team
703,Erica Bell,egarcia@example.net,Legal,Dragon Team
704,Connie Morris,hansoncharles@example.com,Engineering,Beta Team
705,Kim Ramirez,ajones@example.org,Customer Support,Falcon Team
706,Jennifer Adams,gkoch@example.net,Sales,Eagle Team
707,Emily Ryan,julia51@example.com,Sales,Gamma Team
708,Amber Hughes,hflores@example.com,Customer Support,Alpha Team
709,Sarah Jackson,james34@example.com,Finance,Tiger Team
710,Scott Le,lweeks@example.org,Sales,Eagle Team
711,Rebecca Miller,bobbydavis@example.org,Legal,Sigma Team
712,Kristen Gilbert MD,vsmith@example.com,Operations,Omega Team
713,Gene Richardson,codymcintyre@example.net,IT,Rhino Team
714,Kevin Wagner,palmercraig@example.org,Product Development,Phoenix Team
715,Courtney Clayton,schultzfrancisco@example.com,Operations,Lambda Team
716,Samantha Smith,jennifer05@example.net,Customer Support,Omega Team
717,Dawn Burgess,lichristine@example.net,Customer Support,Alpha Team
718,Shawn Cortez,courtney08@example.org,Customer Support,Shark Team
719,Justin Smith,walteremily@example.org,Operations,Zeta Team
720,Nicole Barnes,jacksonshannon@example.com,Customer Support,Sigma Team
721,Danny Lewis,pkline@example.net,Product Development,Phoenix Team
722,Jennifer Martinez,rosariojason@example.org,Product Development,Alpha Team
723,Shannon Chandler,watsonchristopher@example.net,Legal,Shark Team
724,James Fields,hernandezmarcus@example.net,IT,Alpha Team
725,Amy Jones,cynthiawilliams@example.org,Operations,Lambda Team
726,Frank Miranda,bkent@example.com,Marketing,Alpha Team
727,Caitlyn Carrillo,jsmith@example.net,Customer Support,Omega Team
728,Rachel Wong,rbrown@example.com,Product Development,Falcon Team
729,Alisha Manning,timothylee@example.com,Legal,Lion Team
730,Kelly Taylor,pamela23@example.org,Finance,Falcon Team
731,Jason Henry,harrisalexander@example.com,IT,Rhino Team
732,Christine Ford,qjones@example.com,Finance,Lambda Team
733,Joshua Turner,brandon50@example.com,Operations,Zeta Team
734,Kendra Garcia,melanieharvey@example.net,Sales,Shark Team
735,Debra Mcclain,elizabeth55@example.net,Sales,Omega Team
736,Benjamin Scott,rebeccagarrett@example.org,Legal,Omega Team
737,Mrs. Jessica Smith,beckeranna@example.com,Human Resources,Eagle Team
738,Michael Walls,smithamber@example.com,Legal,Hawk Team
739,Jennifer Beck,timothy18@example.com,Human Resources,Eagle Team
740,Charles Charles,nicholas67@example.net,Engineering,Lambda Team
741,Arthur Preston,kyle54@example.net,Legal,Omega Team
742,Darrell Wallace,trichards@example.com,Customer Support,Theta Team
743,Brittany Thompson,williamchandler@example.net,Sales,Tiger Team
744,Megan Zimmerman,thomasmichelle@example.org,Product Development,Phoenix Team
745,William Spencer,cookjerry@example.org,Operations,Wolf Team
746,James Garner,morrissarah@example.net,Engineering,Hawk Team
747,Erin Hart,inelson@example.org,Operations,Eagle Team
748,Steve Hernandez,phillip06@example.org,Product Development,Dragon Team
749,Tiffany Holt,elizabethjohnson@example.org,Product Development,Hawk Team
750,Gerald Thompson,lisa49@example.net,Operations,Beta Team
751,Michael Figueroa,erin95@example.org,Human Resources,Eagle Team
752,Larry Franklin,barbaramay@example.net,Customer Support,Shark Team
753,David Chambers,carrillomorgan@example.com,IT,Tiger Team
754,Maurice Gomez,walshsharon@example.net,Product Development,Omega Team
755,Juan Carter,aguilarangela@example.org,Legal,Epsilon Team
756,Eric Anderson,wagneredward@example.net,IT,Phoenix Team
757,Jose Salas,gabriel84@example.com,Product Development,Hawk Team
758,Samuel Potter,qkhan@example.net,Marketing,Wolf Team
759,Lisa Martinez,bellhunter@example.net,Operations,Delta Team
760,Cynthia Gomez,mporter@example.net,Customer Support,Delta Team
761,Robert Price,amandacameron@example.net,Operations,Wolf Team
762,Michaela Jones,bsmith@example.net,Human Resources,Eagle Team
763,Andrew Chase,gamblekenneth@example.com,Operations,Wolf Team
764,Shawn Miranda,whiteaustin@example.com,Finance,Eagle Team
765,John Wood,manuel97@example.net,Marketing,Gamma Team
766,Alicia Garcia,kimberlywatson@example.org,Product Development,Beta Team
767,Timothy Garcia,fwong@example.org,Customer Support,Gamma Team
768,Jeffrey Rollins,kenglish@example.net,Human Resources,Hawk Team
769,James Contreras,guerrerojames@example.com,IT,Beta Team
770,James Ross,wagnerdarrell@example.org,Engineering,Shark Team
771,Richard Jones,tiffany18@example.com,Engineering,Rhino Team
772,Amy Hicks,christine13@example.org,Product Development,Beta Team
773,Scott Nicholson,michele83@example.net,Legal,Hawk Team
774,Katherine House,jennifer22@example.net,Finance,Hawk Team
775,Casey Moody,ljordan@example.com,Human Resources,Theta Team
776,Mark Wilson,lreid@example.net,Finance,Rhino Team
777,Misty Davis,courtneysimmons@example.net,Product Development,Shark Team
778,Mrs. Kaitlyn Hardin,yvettearroyo@example.com,Sales,Zeta Team
779,Jose Kelley,jamesshelby@example.org,Marketing,Phoenix Team
780,Brian Jackson,teresa32@example.net,Marketing,Eagle Team
781,Denise Davis,zhale@example.com,Customer Support,Sigma Team
782,Michael Smith,rjohnston@example.net,Legal,Epsilon Team
783,Andrew Koch,amandaanderson@example.org,Product Development,Theta Team
784,Jaime Alexander,danielle69@example.org,Sales,Epsilon Team
785,Donna Long,acostasarah@example.net,Engineering,Falcon Team
786,David Wiggins,wgray@example.com,Operations,Falcon Team
787,Anthony Willis,ortizchristina@example.org,Customer Support,Falcon Team
788,Andrew Marsh,aliciabridges@example.net,Human Resources,Phoenix Team
789,Robert Mayo,carrolljennifer@example.com,Marketing,Sigma Team
790,Jennifer Galloway,reginaweber@example.net,Customer Support,Zeta Team
791,Jeremy Jordan,beckkyle@example.com,Finance,Omega Team
792,Debra Fox,robert80@example.net,Human Resources,Wolf Team
793,Patricia Cabrera,smithjennifer@example.org,Engineering,Beta Team
794,Cynthia Sharp,ilopez@example.com,Product Development,Shark Team
795,Barbara Cannon,tfernandez@example.org,IT,Delta Team
796,Christopher Delacruz,hgonzalez@example.com,Finance,Shark Team
797,William Ellis,benjamin79@example.com,Product Development,Lambda Team
798,Lance Jones,tonya80@example.org,Operations,Rhino Team
799,Brian Lindsey,annmarquez@example.net,Human Resources,Shark Team
800,Benjamin Gallagher,timothy41@example.org,Human Resources,Phoenix Team
801,Mason Trujillo,lindareynolds@example.com,Operations,Phoenix Team
802,Samantha Gibson,darlene85@example.org,Marketing,Rhino Team
803,Robert Hernandez,kaitlynbell@example.org,Operations,Sigma Team
804,Danielle Wagner,meganorr@example.net,Operations,Omega Team
805,Melissa Robertson,zacharyproctor@example.com,IT,Lion Team
806,Allen Greene,dawnhernandez@example.com,Engineering,Wolf Team
807,Charles Lane,penahailey@example.net,Finance,Phoenix Team
808,Peter Smith,brownsamuel@example.net,Product Development,Tiger Team
809,Kimberly Mcbride,thomas46@example.org,IT,Epsilon Team
810,Judith Avila,breyes@example.org,Operations,Theta Team
811,Christian Smith,alfred95@example.com,Engineering,Beta Team
812,Ariana Payne,gcook@example.org,Operations,Gamma Team
813,Alfred Williams,angela43@example.com,Sales,Phoenix Team
814,Patrick Castaneda,ashley28@example.com,Product Development,Alpha Team
815,Rebecca Rogers,joseph67@example.com,Product Development,Hawk Team
816,Mark Riley,nguyendominic@example.org,IT,Alpha Team
817,Chase Bennett DDS,huntermyers@example.org,IT,Phoenix Team
818,Crystal Cunningham,daniel34@example.com,Engineering,Zeta Team
819,Jillian Flowers,brad81@example.org,Sales,Theta Team
820,Miss Tracy Swanson,billyhowell@example.com,Marketing,Theta Team
821,Shannon Leach,taralee@example.com,Legal,Lion Team
822,Larry Richardson,bishopalexandra@example.net,IT,Gamma Team
823,Lisa Villegas,sheila79@example.net,Operations,Theta Team
824,Brian Woods,xwarren@example.net,IT,Falcon Team
825,David Padilla,asmith@example.com,Human Resources,Beta Team
826,Jennifer Johnson,kathryn73@example.net,Product Development,Phoenix Team
827,Matthew Moore,alexgibson@example.net,Human Resources,Dragon Team
828,Karen Bowman,brad79@example.org,Finance,Sigma Team
829,Ashley Chen,akoch@example.org,Customer Support,Beta Team
830,Duane Perry,dmurphy@example.org,Finance,Delta Team
831,Zachary Allen,darlenejackson@example.org,Operations,Delta Team
832,Emily Campos,jessica66@example.com,Operations,Lion Team
833,Nathan Brooks,khall@example.com,Product Development,Dragon Team
834,Matthew Gonzalez,zhangpatricia@example.com,Human Resources,Dragon Team
835,Miguel Vargas,josephjenkins@example.org,Human Resources,Hawk Team
836,Patrick Cooper,vcruz@example.net,Legal,Theta Team
837,Ariel Salazar,vcrawford@example.net,Engineering,Shark Team
838,Alyssa Ross,tweber@example.com,Marketing,Omega Team
839,Hayley Welch,sross@example.net,IT,Beta Team
840,Jessica Vazquez,leeabigail@example.org,Customer Support,Lambda Team
841,Christian Dalton,bakercarly@example.com,Human Resources,Epsilon Team
842,Mark Wells,bennettjustin@example.net,Finance,Falcon Team
843,Ms. Wanda Thompson,uhammond@example.org,Human Resources,Sigma Team
844,Crystal Pierce,lfoley@example.org,Engineering,Beta Team
845,Jordan Thompson,hadams@example.com,Sales,Alpha Team
846,Sierra Robinson,cjenkins@example.net,Human Resources,Rhino Team
847,Shane Collins,sara09@example.com,Sales,Gamma Team
848,Daniel Shah,elliottluke@example.org,Product Development,Eagle Team
849,Ronald Hahn,richard74@example.com,Human Resources,Shark Team
850,Samantha Parker,anna31@example.net,Engineering,Shark Team
851,Vincent Hull,jason41@example.com,Marketing,Alpha Team
852,Christopher Sandoval,adam41@example.net,Engineering,Eagle Team
853,Maria Williams,castillodillon@example.com,Sales,Dragon Team
854,Kara Hanson,likimberly@example.org,Operations,Falcon Team
855,Leslie Lane,carlosprice@example.org,Engineering,Beta Team
856,Linda Fitzgerald,jonesteresa@example.net,Customer Support,Phoenix Team
857,William Carroll,jill01@example.org,Human Resources,Zeta Team
858,Robert Doyle,amygarrett@example.net,Customer Support,Gamma Team
859,Kyle Williams,wrightrobert@example.com,Finance,Zeta Team
860,Jessica Martin,xkim@example.org,Engineering,Theta Team
861,Courtney Hayden,underwoodderek@example.org,Engineering,Delta Team
862,Jessica Beasley,hollowaycarla@example.net,Operations,Lion Team
863,Sharon Baker,paulmacdonald@example.org,Finance,Lion Team
864,Haley Navarro,wcurry@example.com,Customer Support,Wolf Team
865,Colin Cross,myang@example.com,Product Development,Eagle Team
866,Jeffrey Finley,annaduarte@example.net,IT,Shark Team
867,Michael Summers,alexislopez@example.org,Product Development,Hawk Team
868,Douglas Fisher,schwartzjacob@example.net,Operations,Alpha Team
869,Paula Ellis,woodtiffany@example.com,Operations,Falcon Team
870,Heather Castro,anncook@example.com,Engineering,Shark Team
871,Jason Paul,greg21@example.net,Human Resources,Tiger Team
872,Donald Hughes,popeholly@example.org,Engineering,Delta Team
873,Amanda Boyd,lydia84@example.com,Legal,Dragon Team
874,Samantha Ortiz,melody24@example.com,Marketing,Omega Team
875,Stephanie Galvan,watsonrose@example.net,Customer Support,Phoenix Team
876,Alan Wood,bvaughn@example.org,Human Resources,Delta Team
877,Wendy Schroeder,isnow@example.org,Sales,Falcon Team
878,John Phillips,steven66@example.org,Human Resources,Zeta Team
879,Richard Burnett,ycarter@example.com,Finance,Shark Team
880,Craig Webster,rodriguezangela@example.net,Marketing,Falcon Team
881,Karl Powell,lesliecarlson@example.org,Customer Support,Beta Team
882,Alyssa Powers,gaineschristopher@example.com,Finance,Falcon Team
883,Mark Bradley,patricia35@example.com,Sales,Beta Team
884,Paul Burton,crystaledwards@example.org,Engineering,Beta Team
885,Joseph Maynard,hollypeterson@example.org,Sales,Alpha Team
886,Patricia Short,barbaralee@example.org,Legal,Rhino Team
887,Audrey Allen,reneejones@example.net,Marketing,Zeta Team
888,Jennifer Collins,jgilmore@example.org,Customer Support,Delta Team
889,Sarah Graham,rebeccareynolds@example.org,Operations,Wolf Team
890,Stephanie Jones,janderson@example.net,Marketing,Lambda Team
891,Cynthia Hoffman,megan85@example.org,Customer Support,Sigma Team
892,Paul Short,piercedavid@example.org,Customer Support,Beta Team
893,Courtney King,joseph97@example.com,Customer Support,Theta Team
894,William Marshall,spencerkatie@example.org,Engineering,Epsilon Team
895,Matthew Day,taylorivan@example.org,Operations,Shark Team
896,Ashley Lee,ruizlisa@example.com,Product Development,Dragon Team
897,Toni Conley,deborahthomas@example.net,Sales,Theta Team
898,Angel Harrison,grant77@example.net,Product Development,Epsilon Team
899,Randy Rhodes,erica71@example.com,IT,Falcon Team
900,Paul Martinez,susanwillis@example.org,Human Resources,Dragon Team
901,Spencer Eaton,jasonowens@example.net,Legal,Gamma Team
902,Aaron Mclaughlin,landrytiffany@example.net,Marketing,Lion Team
903,Alicia Freeman,tgray@example.org,Customer Support,Zeta Team
904,Rita Mann,joshuafoster@example.com,Product Development,Delta Team
905,Theresa Munoz,peter37@example.com,IT,Epsilon Team
906,Hunter Marks,varmstrong@example.net,Engineering,Delta Team
907,Mark Ellis,msweeney@example.com,Legal,Sigma Team
908,Michael Boyd,dodsonkimberly@example.com,Legal,Epsilon Team
909,Nathan Christensen,williammills@example.net,IT,Eagle Team
910,Jennifer Frazier,mike45@example.net,IT,Delta Team
911,William Thomas,lisa17@example.net,Marketing,Falcon Team
912,Diana Craig,tara08@example.net,Finance,Zeta Team
913,Pamela Brown,marcoweiss@example.org,Marketing,Lion Team
914,Carl Thompson,marissacaldwell@example.net,Product Development,Lion Team
915,Tracy Smith,scolon@example.net,Product Development,Beta Team
916,Patrick Payne,ewillis@example.org,Customer Support,Zeta Team
917,Carl Nichols,toddcynthia@example.net,Sales,Epsilon Team
918,Connie Dillon,ericorozco@example.org,Legal,Lion Team
919,Jonathan Sanchez,jacob42@example.org,Human Resources,Beta Team
920,Daniel Munoz,kelsey76@example.net,Legal,Lambda Team
921,Alyssa Torres,eric32@example.org,Finance,Sigma Team
922,Aaron Sims,bhogan@example.com,Sales,Lion Team
923,Stacey Mckee,fwilkerson@example.com,Operations,Alpha Team
924,Mary Hardin,ycaldwell@example.com,Operations,Rhino Team
925,Rhonda Stevens,jonathanbennett@example.com,Finance,Theta Team
926,Ashley Adams,john59@example.com,Operations,Gamma Team
927,Richard Guerrero,kylepierce@example.org,Customer Support,Phoenix Team
928,Leon Perez,qclark@example.com,Legal,Zeta Team
929,Kelly Howard,vscott@example.com,Operations,Phoenix Team
930,Anna Sharp,apena@example.com,Operations,Phoenix Team
931,Kenneth Gray,elizabethryan@example.net,Marketing,Lambda Team
932,Cody Burton,lopezgary@example.net,Engineering,Lion Team
933,Erin Mcneil,lauren40@example.org,Legal,Eagle Team
934,Kelly Knight,riceantonio@example.org,Operations,Shark Team
935,John Barnes,stevengonzalez@example.net,Operations,Hawk Team
936,Tracy Hernandez,darius98@example.net,Human Resources,Rhino Team
937,Melissa Mullen,perkinsashley@example.com,Engineering,Lion Team
938,Steven Jimenez,glenda53@example.org,Engineering,Shark Team
939,William Petty,qsutton@example.net,Customer Support,Rhino Team
940,Lauren King,thicks@example.org,Product Development,Gamma Team
941,Audrey Cooley,shannontara@example.org,Product Development,Dragon Team
942,Cindy Frederick,phelpsmatthew@example.com,Marketing,Tiger Team
943,Andrew Callahan,frankcombs@example.org,Operations,Dragon Team
944,Edward Benson,kennedyjose@example.org,Marketing,Alpha Team
945,Joel Myers,ramirezlisa@example.org,Operations,Eagle Team
946,Jessica Harris,victoriaavila@example.org,Human Resources,Lambda Team
947,Ryan Miller,melinda41@example.org,Operations,Wolf Team
948,Nicole Smith,mary95@example.com,Product Development,Gamma Team
949,Zachary Williams,jon19@example.org,Customer Support,Hawk Team
950,Lisa Thomas,cindy81@example.net,Legal,Delta Team
951,Bryan Richards,paul09@example.org,IT,Beta Team
952,Thomas Abbott,flowerskimberly@example.org,Sales,Wolf Team
953,Shawn Hernandez,nguyenemily@example.com,Product Development,Falcon Team
954,Kevin Nichols,burnsbilly@example.org,Marketing,Hawk Team
955,Jennifer Lin,xwalton@example.org,Operations,Alpha Team
956,Christina Johnson,colemanfrancis@example.net,Legal,Delta Team
957,Angela Moore,bishopjennifer@example.org,Engineering,Alpha Team
958,Norman Harris,steven71@example.net,Engineering,Zeta Team
959,Christopher Simmons,jamesjackson@example.net,Engineering,Phoenix Team
960,Barry Lewis,rodriguezdarrell@example.com,Legal,Phoenix Team
961,Sergio Turner,christopher59@example.net,Finance,Rhino Team
962,William Perry,smithhunter@example.com,IT,Hawk Team
963,John Elliott,melanie50@example.net,Operations,Shark Team
964,Joshua Gibson,chris27@example.org,Legal,Beta Team
965,Heather Stewart,paul47@example.net,Operations,Shark Team
966,Patricia Mcclain,leonphillips@example.com,Product Development,Omega Team
967,Sarah Gonzalez,dixonabigail@example.com,Sales,Omega Team
968,Briana Fuller,phanson@example.org,Sales,Eagle Team
969,Karen Ramirez,parkerkatherine@example.net,Sales,Omega Team
970,Jeffrey Jenkins,faithmann@example.org,Product Development,Dragon Team
971,Stephen Perez,russellturner@example.net,Product Development,Shark Team
972,Sara Garrett,yhernandez@example.org,Marketing,Omega Team
973,Meghan Lamb,allison84@example.org,Product Development,Sigma Team
974,Jeremy Cain,matthew05@example.com,Human Resources,Epsilon Team
975,Emily Velez,kristin20@example.com,Sales,Shark Team
976,Anthony West,santiagoduane@example.org,IT,Tiger Team
977,Elaine Turner,butlerandrew@example.org,Human Resources,Theta Team
978,Thomas Coleman,ymccullough@example.com,Sales,Omega Team
979,Michael Ortiz,stephaniewilson@example.com,Legal,Dragon Team
980,Jared Cook,tammykelly@example.org,Product Development,Dragon Team
981,Dominic Ramos,amurray@example.org,Sales,Gamma Team
982,Albert Andrade,eric17@example.org,Engineering,Lambda Team
983,Michelle Campbell,wilsonlinda@example.org,Human Resources,Tiger Team
984,David Williams,jennifer25@example.org,Product Development,Eagle Team
985,Tara Smith,sandrareyes@example.com,Operations,Alpha Team
986,Monica Armstrong,rphillips@example.com,Legal,Theta Team
987,Chris Gutierrez,sara63@example.net,Sales,Delta Team
988,Ashley Woods,dawsoncassandra@example.net,Sales,Alpha Team
989,David Rivera,qarnold@example.com,IT,Hawk Team
990,Gabriel Warner,fullercarolyn@example.org,Finance,Omega Team
991,Ryan Jackson,tmcdonald@example.org,Operations,Hawk Team
992,Nicole Khan,vwilliams@example.com,Finance,Theta Team
993,Brianna Allen,campbelltrevor@example.net,Engineering,Shark Team
994,Tracy Brown,ymiller@example.org,Marketing,Eagle Team
995,Sarah Roberts,wendy10@example.org,Engineering,Rhino Team
996,Stephanie Rodriguez,vholloway@example.org,Legal,Beta Team
997,Natasha Ingram,jamessmith@example.com,IT,Rhino Team
998,Daniel Mccarthy,isaacramirez@example.net,Operations,Shark Team
999,Lisa Murphy,christine83@example.org,Legal,Lambda Team
1000,Michael Martin,scott69@example.com,IT,Eagle Team
